Tanggal,Variant_Suspect,Day,ID_DAILY_POSITIVE,ID_DAILY_HOSPITALIZED,ID_DAILY_CURED,ID_DAILY_DEATH,JKT_DAILY_DEATH,JKT_DAILY_CURED,JKT_DAILY_ISOLATION,JKT_DAILY_HOSPITALIZED,JKT_DAILY_POSITIVE,JKT_DAILY_TESTSPECIMENT,JKT_DAILY_POSTEST,JKT_DAILY_POSTRATE,JKT_CONS_VALUE,CoF_HSE,PoF_Spec_X_PostRate,Risk,Risk_Criteria
1/3/2020,Alpha-Beta-Gamma,1,0,0,0,0,0,0,0,0,0,39,0,0,0,1,1,1,LOW
2/3/2020,Alpha-Beta-Gamma,2,2,2,0,0,0,0,0,0,0,3,0,0,0,1,1,1,LOW
3/3/2020,Alpha-Beta-Gamma,3,0,0,0,0,1,0,0,2,3,15,3,0.2,10,1,1,1,LOW
4/3/2020,Alpha-Beta-Gamma,4,0,0,0,0,0,0,0,0,0,7,0,0,0,1,1,1,LOW
5/3/2020,Alpha-Beta-Gamma,5,0,0,0,0,2,0,0,2,4,5,0,0,14,1,1,1,LOW
6/3/2020,Alpha-Beta-Gamma,6,2,2,0,0,0,0,0,0,0,26,0,0,0,1,1,1,LOW
7/3/2020,Alpha-Beta-Gamma,7,0,0,0,0,0,0,0,0,0,56,0,0,0,1,1,1,LOW
8/3/2020,Alpha-Beta-Gamma,8,2,2,0,0,0,0,0,0,0,73,25,0.342,0,1,2,2,LOW
9/3/2020,Alpha-Beta-Gamma,9,13,13,0,0,0,0,0,27,27,52,0,0,81,1,1,1,LOW
10/3/2020,Alpha-Beta-Gamma,10,8,6,2,0,0,0,0,0,0,48,3,0.063,0,1,1,1,LOW
11/3/2020,Alpha-Beta-Gamma,11,7,6,0,1,0,0,0,2,2,56,23,0.411,6,1,2,2,LOW
12/3/2020,Alpha-Beta-Gamma,12,0,0,0,0,2,0,0,24,26,30,10,0.333,80,1,2,2,LOW
13/03/2020,Alpha-Beta-Gamma,13,35,32,0,3,2,0,0,8,10,44,3,0.068,32,1,1,1,LOW
14/03/2020,Alpha-Beta-Gamma,14,27,20,6,1,2,0,0,5,7,41,15,0.366,23,1,2,2,LOW
15/03/2020,Alpha-Beta-Gamma,15,21,21,0,0,2,0,0,14,16,47,2,0.043,50,1,1,1,LOW
16/03/2020,Alpha-Beta-Gamma,16,17,17,0,0,1,0,7,-6,2,104,26,0.25,-7,1,2,2,LOW
17/03/2020,Alpha-Beta-Gamma,17,38,37,1,0,0,0,20,5,25,132,38,0.288,35,1,2,2,LOW
18/03/2020,Alpha-Beta-Gamma,18,55,39,2,14,3,12,15,8,38,154,48,0.312,63,1,2,2,LOW
19/03/2020,Alpha-Beta-Gamma,19,82,72,4,6,4,1,15,30,50,118,12,0.102,122,1,1,1,LOW
20/03/2020,Alpha-Beta-Gamma,20,60,51,2,7,1,0,9,4,14,1190,437,0.367,25,1,2,2,LOW
21/03/2020,Alpha-Beta-Gamma,21,81,72,3,6,3,4,5,32,44,1790,430,0.24,117,1,1,1,LOW
22/03/2020,Alpha-Beta-Gamma,22,64,45,9,10,6,4,6,20,36,1119,471,0.421,94,1,2,2,LOW
23/03/2020,Alpha-Beta-Gamma,23,65,63,1,1,0,1,2,48,51,1022,446,0.436,147,2,2,4,MEDIUM
24/03/2020,Alpha-Beta-Gamma,24,107,101,0,6,5,1,30,35,71,887,437,0.493,156,2,2,4,MEDIUM
25/03/2020,Alpha-Beta-Gamma,25,104,100,1,3,9,4,3,30,46,959,448,0.467,133,2,2,4,MEDIUM
26/03/2020,Alpha-Beta-Gamma,26,103,79,4,20,6,2,1,34,43,887,435,0.49,129,1,2,2,LOW
27/03/2020,Alpha-Beta-Gamma,27,153,133,11,9,8,2,19,22,51,1126,502,0.446,119,1,2,2,LOW
28/03/2020,Alpha-Beta-Gamma,28,109,81,13,15,5,12,2,18,37,751,426,0.567,88,1,2,2,LOW
29/03/2020,Alpha-Beta-Gamma,29,130,113,5,12,5,5,17,71,98,922,431,0.467,255,2,2,4,MEDIUM
30/03/2020,Alpha-Beta-Gamma,30,129,110,11,8,11,1,0,14,26,1047,478,0.457,87,1,2,2,LOW
31/03/2020,Alpha-Beta-Gamma,31,114,94,6,14,6,0,6,2,14,920,504,0.548,36,1,2,2,LOW
1/4/2020,Alpha-Beta-Gamma,32,149,106,22,21,6,2,19,48,75,1343,532,0.396,189,2,2,4,MEDIUM
2/4/2020,Alpha-Beta-Gamma,33,113,91,9,13,5,3,19,66,93,1501,545,0.363,240,2,2,4,MEDIUM
3/4/2020,Alpha-Beta-Gamma,34,196,163,22,11,3,2,14,62,81,2414,608,0.252,214,2,2,4,MEDIUM
4/4/2020,Alpha-Beta-Gamma,35,106,80,16,10,1,2,14,64,81,2248,538,0.239,212,2,1,2,LOW
5/4/2020,Alpha-Beta-Gamma,36,181,160,14,7,24,6,56,-6,80,1909,558,0.292,140,2,2,4,MEDIUM
6/4/2020,Alpha-Beta-Gamma,37,218,179,28,11,8,4,38,98,148,2152,534,0.248,368,2,2,4,MEDIUM
7/4/2020,Alpha-Beta-Gamma,38,247,223,12,12,10,1,21,112,144,2179,601,0.276,398,2,2,4,MEDIUM
8/4/2020,Alpha-Beta-Gamma,39,218,181,18,19,3,6,19,81,109,2094,562,0.268,280,2,2,4,MEDIUM
9/4/2020,Alpha-Beta-Gamma,40,337,267,30,40,11,7,48,101,167,2561,560,0.219,402,2,1,2,LOW
10/4/2020,Alpha-Beta-Gamma,41,219,163,30,26,1,0,28,62,91,2021,573,0.284,218,2,2,4,MEDIUM
11/4/2020,Alpha-Beta-Gamma,42,330,305,4,21,12,60,8,13,93,1865,533,0.286,155,2,2,4,MEDIUM
12/4/2020,Alpha-Beta-Gamma,43,399,280,73,46,27,0,27,125,179,1927,560,0.291,510,2,2,4,MEDIUM
13/04/2020,Alpha-Beta-Gamma,44,316,269,21,26,14,0,53,93,160,2253,521,0.231,388,2,1,2,LOW
14/04/2020,Alpha-Beta-Gamma,45,282,176,46,60,34,21,37,15,107,2148,568,0.264,239,2,2,4,MEDIUM
15/04/2020,Alpha-Beta-Gamma,46,297,267,20,10,3,1,55,39,98,1932,531,0.275,185,2,2,4,MEDIUM
16/04/2020,Alpha-Beta-Gamma,47,380,251,102,27,2,38,6,177,223,2428,525,0.216,583,2,1,2,LOW
17/04/2020,Alpha-Beta-Gamma,48,407,324,59,24,2,1,24,126,153,2245,466,0.208,411,2,1,2,LOW
18/04/2020,Alpha-Beta-Gamma,49,325,286,24,15,7,3,27,42,79,2602,585,0.225,184,2,1,2,LOW
19/04/2020,Alpha-Beta-Gamma,50,327,225,55,47,35,1,25,70,131,2974,565,0.19,376,2,1,2,LOW
20/04/2020,Alpha-Beta-Gamma,51,185,116,61,8,5,30,57,-13,79,2932,513,0.175,68,1,1,1,LOW
21/04/2020,Alpha-Beta-Gamma,52,375,254,95,26,8,49,1,109,167,2931,527,0.18,409,2,1,2,LOW
22/04/2020,Alpha-Beta-Gamma,53,283,193,71,19,3,5,62,50,120,3144,522,0.166,229,2,1,2,LOW
23/04/2020,Alpha-Beta-Gamma,54,357,298,47,12,8,1,73,25,107,2994,532,0.178,181,2,1,2,LOW
24/04/2020,Alpha-Beta-Gamma,55,436,352,42,42,15,35,71,-22,99,2432,438,0.18,100,1,1,1,LOW
25/04/2020,Alpha-Beta-Gamma,56,396,325,40,31,19,7,91,-41,76,1862,453,0.243,51,1,2,2,LOW
26/04/2020,Alpha-Beta-Gamma,57,275,187,65,23,7,4,49,5,65,2879,583,0.203,96,1,1,1,LOW
27/04/2020,Alpha-Beta-Gamma,58,214,148,44,22,18,0,70,-2,86,3362,525,0.156,136,2,1,2,LOW
28/04/2020,Alpha-Beta-Gamma,59,415,304,103,8,4,3,37,74,118,3985,559,0.14,278,2,1,2,LOW
29/04/2020,Alpha-Beta-Gamma,60,260,112,137,11,2,71,32,-22,83,3998,515,0.129,45,1,1,1,LOW
30/04/2020,Alpha-Beta-Gamma,61,347,208,131,8,0,0,34,71,105,4304,553,0.128,247,2,1,2,LOW
1/5/2020,Alpha-Beta-Gamma,62,433,356,69,8,12,15,40,78,145,3634,513,0.141,337,2,1,2,LOW
2/5/2020,Alpha-Beta-Gamma,63,292,187,74,31,7,135,-8,-62,72,2105,608,0.289,-31,1,2,2,LOW
3/5/2020,Alpha-Beta-Gamma,64,349,124,211,14,10,60,19,-27,62,4189,695,0.166,38,1,1,1,LOW
4/5/2020,Alpha-Beta-Gamma,65,395,298,78,19,2,28,7,18,55,3916,611,0.156,97,1,1,1,LOW
5/5/2020,Alpha-Beta-Gamma,66,484,233,243,8,2,61,40,66,169,4624,571,0.123,307,2,1,2,LOW
6/5/2020,Alpha-Beta-Gamma,67,367,224,120,23,6,2,11,49,68,3047,743,0.244,184,2,2,4,MEDIUM
7/5/2020,Alpha-Beta-Gamma,68,338,239,64,35,10,5,50,1,66,4007,778,0.194,98,1,1,1,LOW
8/5/2020,Alpha-Beta-Gamma,69,336,210,113,13,1,45,-5,85,126,4029,662,0.164,299,2,1,2,LOW
9/5/2020,Alpha-Beta-Gamma,70,533,404,113,16,6,4,16,31,57,2696,830,0.308,137,2,2,4,MEDIUM
10/5/2020,Alpha-Beta-Gamma,71,387,282,91,14,7,36,91,48,182,4019,771,0.192,299,2,1,2,LOW
11/5/2020,Alpha-Beta-Gamma,72,233,32,183,18,9,33,115,-102,55,4757,672,0.141,-122,1,1,1,LOW
12/5/2020,Alpha-Beta-Gamma,73,484,286,182,16,4,426,93,-415,108,4063,619,0.152,-710,1,1,1,LOW
13/05/2020,Alpha-Beta-Gamma,74,689,444,224,21,4,15,125,-10,134,4083,730,0.179,126,1,1,1,LOW
14/05/2020,Alpha-Beta-Gamma,75,568,322,231,15,5,2,129,44,180,3791,645,0.17,283,2,1,2,LOW
15/05/2020,Alpha-Beta-Gamma,76,490,172,285,33,8,7,24,23,62,3206,585,0.182,132,2,1,2,LOW
16/05/2020,Alpha-Beta-Gamma,77,529,408,108,13,1,6,101,8,116,2822,617,0.219,135,2,1,2,LOW
17/05/2020,Alpha-Beta-Gamma,78,489,212,218,59,3,3,97,24,127,3548,631,0.178,184,2,1,2,LOW
18/05/2020,Alpha-Beta-Gamma,79,496,258,195,43,5,6,49,14,74,4040,667,0.165,117,1,1,1,LOW
19/05/2020,Alpha-Beta-Gamma,80,486,313,143,30,4,116,-53,-10,57,3863,620,0.16,49,1,1,1,LOW
20/05/2020,Alpha-Beta-Gamma,81,693,564,108,21,6,8,50,33,97,3303,799,0.242,181,2,1,2,LOW
21/05/2020,Alpha-Beta-Gamma,82,973,674,263,36,5,111,-32,-14,70,4836,643,0.133,57,1,1,1,LOW
22/05/2020,Alpha-Beta-Gamma,83,634,367,219,48,3,22,51,20,96,2776,499,0.18,145,2,1,2,LOW
23/05/2020,Alpha-Beta-Gamma,84,949,732,192,25,3,29,64,31,127,1735,590,0.34,198,2,2,4,MEDIUM
24/05/2020,Alpha-Beta-Gamma,85,526,352,153,21,1,7,85,25,118,2408,711,0.295,171,2,2,4,MEDIUM
25/05/2020,Alpha-Beta-Gamma,86,479,220,240,19,1,54,-1,13,67,3233,727,0.225,96,1,1,1,LOW
26/05/2020,Alpha-Beta-Gamma,87,415,153,235,27,2,30,29,0,61,3641,723,0.199,67,1,1,1,LOW
27/05/2020,Alpha-Beta-Gamma,88,686,451,180,55,2,20,125,-10,137,4365,734,0.168,123,1,1,1,LOW
28/05/2020,Alpha-Beta-Gamma,89,687,481,183,23,4,21,57,21,103,3860,769,0.199,157,2,1,2,LOW
29/05/2020,Alpha-Beta-Gamma,90,678,402,252,24,3,88,81,-48,124,4319,661,0.153,37,1,1,1,LOW
30/05/2020,Alpha-Beta-Gamma,91,557,-19,523,53,2,196,59,-159,98,3021,628,0.208,-214,1,1,1,LOW
31/05/2020,Alpha-Beta-Gamma,92,700,367,293,40,1,99,46,-25,121,2555,258,0.101,74,1,1,1,LOW
1/6/2020,Alpha-Beta-Gamma,93,467,110,329,28,1,144,-5,-29,111,3391,199,0.059,56,1,1,1,LOW
2/6/2020,Alpha-Beta-Gamma,94,609,289,298,22,4,159,-36,-51,76,4900,301,0.061,-14,1,1,1,LOW
3/6/2020,Alpha-Beta-Gamma,95,684,178,471,35,4,129,-9,-44,80,3918,296,0.076,4,1,1,1,LOW
4/6/2020,Alpha-Beta-Gamma,96,585,76,486,23,1,73,16,-29,61,4103,341,0.083,6,1,1,1,LOW
5/6/2020,Alpha-Beta-Gamma,97,703,103,551,49,2,144,-25,-37,84,4766,402,0.084,16,1,1,1,LOW
6/6/2020,Alpha-Beta-Gamma,98,993,498,464,31,3,89,8,2,102,2589,164,0.063,115,1,1,1,LOW
7/6/2020,Alpha-Beta-Gamma,99,672,31,591,50,2,330,18,-190,160,4016,326,0.081,-214,1,1,1,LOW
8/6/2020,Alpha-Beta-Gamma,100,847,409,406,32,1,35,52,3,91,5159,388,0.075,100,1,1,1,LOW
9/6/2020,Alpha-Beta-Gamma,101,1043,493,510,40,9,164,72,-6,239,5843,398,0.068,254,2,1,2,LOW
10/6/2020,Alpha-Beta-Gamma,102,1240,489,715,36,4,148,10,-15,147,4077,328,0.08,129,1,1,1,LOW
11/6/2020,Alpha-Beta-Gamma,103,979,431,507,41,4,147,-41,19,129,4897,452,0.092,179,2,1,2,LOW
12/6/2020,Alpha-Beta-Gamma,104,1111,486,577,48,6,116,-24,-22,76,7095,474,0.067,50,1,1,1,LOW
13/06/2020,Alpha-Beta-Gamma,105,1014,408,563,43,3,60,62,-5,120,3085,197,0.064,119,1,1,1,LOW
14/06/2020,Alpha-Beta-Gamma,106,857,59,755,43,7,251,-92,-51,115,6693,367,0.055,34,1,1,1,LOW
15/06/2020,Alpha-Beta-Gamma,107,1017,361,592,64,9,107,-33,22,105,6758,593,0.088,176,2,1,2,LOW
16/06/2020,Alpha-Beta-Gamma,108,1106,493,580,33,3,131,-36,26,124,6900,581,0.084,185,2,1,2,LOW
17/06/2020,Alpha-Beta-Gamma,109,1031,446,540,45,5,115,11,-14,117,6285,451,0.072,104,1,1,1,LOW
18/06/2020,Alpha-Beta-Gamma,110,1331,713,555,63,6,148,47,-25,176,6862,487,0.071,144,2,1,2,LOW
19/06/2020,Alpha-Beta-Gamma,111,1041,456,551,34,5,90,40,5,140,4680,403,0.086,165,2,1,2,LOW
20/06/2020,Alpha-Beta-Gamma,112,1226,636,534,56,4,139,77,-42,178,4016,237,0.059,106,1,1,1,LOW
21/06/2020,Alpha-Beta-Gamma,113,862,305,521,36,12,233,-65,-53,127,5287,325,0.061,57,1,1,1,LOW
22/06/2020,Alpha-Beta-Gamma,114,954,588,331,35,3,74,27,23,127,8614,417,0.048,182,2,1,2,LOW
23/06/2020,Alpha-Beta-Gamma,115,1051,510,506,35,1,100,56,9,166,7417,505,0.068,187,2,1,2,LOW
24/06/2020,Alpha-Beta-Gamma,116,1113,658,417,38,9,94,21,30,154,7884,433,0.055,241,2,1,2,LOW
25/06/2020,Alpha-Beta-Gamma,117,1178,340,791,47,3,113,90,-11,195,7620,592,0.078,182,2,1,2,LOW
26/06/2020,Alpha-Beta-Gamma,118,1240,293,884,63,1,107,68,-8,168,6388,449,0.07,155,2,1,2,LOW
27/06/2020,Alpha-Beta-Gamma,119,1385,772,576,37,0,68,120,25,213,3491,308,0.088,263,2,1,2,LOW
28/06/2020,Alpha-Beta-Gamma,120,1198,137,1027,34,3,255,-93,-33,132,7081,345,0.049,75,1,1,1,LOW
29/06/2020,Alpha-Beta-Gamma,121,1082,167,864,51,1,253,136,-295,95,7033,690,0.098,-492,1,1,1,LOW
30/06/2020,Alpha-Beta-Gamma,122,1293,216,1006,71,5,394,-127,-76,196,6594,557,0.084,59,1,1,1,LOW
1/7/2020,Alpha-Beta-Gamma,123,1385,538,789,58,3,168,97,-62,206,6490,472,0.073,91,1,1,1,LOW
2/7/2020,Alpha-Beta-Gamma,124,1624,499,1072,53,2,191,87,-85,195,8817,777,0.088,31,1,1,1,LOW
3/7/2020,Alpha-Beta-Gamma,125,1301,351,901,49,2,238,-25,-68,147,6587,579,0.088,17,1,1,1,LOW
4/7/2020,Alpha-Beta-Gamma,126,1447,743,651,53,2,268,35,-90,215,4549,355,0.078,41,1,1,1,LOW
5/7/2020,Alpha-Beta-Gamma,127,1607,639,886,82,8,286,24,-62,256,6122,510,0.083,156,2,1,2,LOW
6/7/2020,Alpha-Beta-Gamma,128,1209,325,814,70,0,370,-50,-89,231,7260,773,0.106,53,1,1,1,LOW
7/7/2020,Alpha-Beta-Gamma,129,1268,334,866,68,6,244,39,-90,199,9631,710,0.074,37,1,1,1,LOW
8/7/2020,Alpha-Beta-Gamma,130,1853,1003,800,50,3,152,177,12,344,8958,706,0.079,377,2,1,2,LOW
9/7/2020,Alpha-Beta-Gamma,131,2657,1533,1066,58,10,218,28,34,290,10412,978,0.094,388,2,2,4,MEDIUM
10/7/2020,Alpha-Beta-Gamma,132,1611,681,878,52,7,178,29,25,239,8117,900,0.111,310,2,1,2,LOW
11/7/2020,Alpha-Beta-Gamma,133,1671,415,1190,66,6,215,119,19,359,5188,458,0.088,415,2,1,2,LOW
12/7/2020,Alpha-Beta-Gamma,134,1681,691,919,71,12,160,173,59,404,8616,923,0.107,558,2,1,2,LOW
13/07/2020,Alpha-Beta-Gamma,135,1282,181,1051,50,8,208,19,43,278,8626,953,0.11,388,2,1,2,LOW
14/07/2020,Alpha-Beta-Gamma,136,1591,590,947,54,4,120,129,22,275,9056,765,0.084,331,2,1,2,LOW
15/07/2020,Alpha-Beta-Gamma,137,1522,21,1414,87,6,193,-12,72,259,9924,1085,0.109,421,2,2,4,MEDIUM
16/07/2020,Alpha-Beta-Gamma,138,1574,203,1295,76,2,136,69,86,293,12098,802,0.066,471,2,1,2,LOW
17/07/2020,Alpha-Beta-Gamma,139,1462,-111,1489,84,9,137,46,49,241,9982,927,0.093,366,2,2,4,MEDIUM
18/07/2020,Alpha-Beta-Gamma,140,1752,259,1434,59,9,123,133,66,331,4935,519,0.105,490,2,1,2,LOW
19/07/2020,Alpha-Beta-Gamma,141,1639,-621,2133,127,8,327,-53,31,313,9365,932,0.1,399,2,1,2,LOW
20/07/2020,Alpha-Beta-Gamma,142,1693,21,1576,96,1,158,99,103,361,11413,1271,0.111,570,2,2,4,MEDIUM
21/07/2020,Alpha-Beta-Gamma,143,1655,85,1489,81,9,262,123,47,441,11692,1368,0.117,562,2,2,4,MEDIUM
22/07/2020,Alpha-Beta-Gamma,144,1882,-46,1789,139,8,323,-75,120,376,11009,1142,0.104,640,2,2,4,MEDIUM
23/07/2020,Alpha-Beta-Gamma,145,1906,-120,1909,117,1,115,292,8,416,10480,931,0.089,435,2,2,4,MEDIUM
24/07/2020,Alpha-Beta-Gamma,146,1761,-109,1781,89,1,283,-98,99,285,8457,922,0.109,486,2,1,2,LOW
25/07/2020,Alpha-Beta-Gamma,147,1868,410,1409,49,1,130,152,110,393,4981,344,0.069,616,2,1,2,LOW
26/07/2020,Alpha-Beta-Gamma,148,1492,124,1301,67,10,174,113,81,378,11342,1196,0.105,570,2,2,4,MEDIUM
27/07/2020,Alpha-Beta-Gamma,149,1525,-50,1518,57,3,107,151,211,472,10634,1478,0.139,903,2,2,4,MEDIUM
28/07/2020,Alpha-Beta-Gamma,150,1748,-681,2366,63,13,377,-124,146,412,12297,1718,0.14,743,2,2,4,MEDIUM
29/07/2020,Alpha-Beta-Gamma,151,2381,708,1599,74,25,240,224,96,585,10856,1081,0.1,852,2,2,4,MEDIUM
30/07/2020,Alpha-Beta-Gamma,152,1904,-333,2154,83,1,188,5,105,299,5544,486,0.088,512,2,1,2,LOW
31/07/2020,Alpha-Beta-Gamma,153,2040,352,1615,73,15,407,-124,134,432,9042,1048,0.116,745,2,1,2,LOW
1/8/2020,Alpha-Beta-Gamma,154,1560,-514,2012,62,16,679,-291,-30,374,4671,489,0.105,362,2,1,2,LOW
2/8/2020,Alpha-Beta-Gamma,155,1519,420,1056,43,0,140,233,6,379,10802,995,0.092,391,2,2,4,MEDIUM
3/8/2020,Alpha-Beta-Gamma,156,1679,351,1262,66,15,138,168,168,489,11922,1654,0.139,870,2,2,4,MEDIUM
4/8/2020,Alpha-Beta-Gamma,157,1922,23,1813,86,13,216,132,105,466,12034,1616,0.134,715,2,2,4,MEDIUM
5/8/2020,Alpha-Beta-Gamma,158,1815,-88,1839,64,15,379,-88,51,357,12299,1392,0.113,504,2,2,4,MEDIUM
6/8/2020,Alpha-Beta-Gamma,159,1882,57,1756,69,13,246,269,69,597,13298,1506,0.113,774,2,2,4,MEDIUM
7/8/2020,Alpha-Beta-Gamma,160,2473,489,1912,72,14,195,406,43,658,9129,1197,0.131,786,2,1,2,LOW
8/8/2020,Alpha-Beta-Gamma,161,2277,463,1749,65,12,509,307,-107,721,5412,652,0.12,543,2,1,2,LOW
9/8/2020,Alpha-Beta-Gamma,162,1893,182,1646,65,5,558,-19,-72,472,8939,1169,0.131,343,2,1,2,LOW
10/8/2020,Alpha-Beta-Gamma,163,1687,361,1284,42,1,178,161,139,479,8140,896,0.11,760,2,1,2,LOW
11/8/2020,Alpha-Beta-Gamma,164,1693,160,1474,59,13,481,-16,-7,471,10993,1583,0.144,496,2,2,4,MEDIUM
12/8/2020,Alpha-Beta-Gamma,165,1942,-225,2088,79,15,422,-28,169,578,9144,1362,0.149,961,2,1,2,LOW
13/08/2020,Alpha-Beta-Gamma,166,2098,273,1760,65,13,489,122,-3,621,11553,1364,0.118,654,2,2,4,MEDIUM
14/08/2020,Alpha-Beta-Gamma,167,2307,194,2060,53,4,690,1,-120,575,11769,1656,0.141,347,2,2,4,MEDIUM
15/08/2020,Alpha-Beta-Gamma,168,2345,592,1703,50,6,446,126,20,598,7387,908,0.123,656,2,1,2,LOW
16/08/2020,Alpha-Beta-Gamma,169,2081,220,1782,79,4,734,-173,-47,518,9212,931,0.101,436,2,1,2,LOW
17/08/2020,Alpha-Beta-Gamma,170,1821,409,1355,57,16,208,230,84,538,9548,1327,0.139,754,2,1,2,LOW
18/08/2020,Alpha-Beta-Gamma,171,1673,-245,1848,70,17,589,88,-189,505,14015,2127,0.152,178,2,2,4,MEDIUM
19/08/2020,Alpha-Beta-Gamma,172,1902,-518,2351,69,18,564,-114,97,565,7015,1076,0.153,813,2,1,2,LOW
20/08/2020,Alpha-Beta-Gamma,173,2266,177,2017,72,15,726,-131,-15,595,11260,1858,0.165,610,2,2,4,MEDIUM
21/08/2020,Alpha-Beta-Gamma,174,2197,-202,2317,82,15,433,161,32,641,10132,1864,0.184,750,2,2,4,MEDIUM
22/08/2020,Alpha-Beta-Gamma,175,2090,-211,2207,94,15,649,-249,186,601,6484,1157,0.178,1018,2,1,2,LOW
23/08/2020,Alpha-Beta-Gamma,176,2037,-351,2302,86,16,690,-229,160,637,11929,1821,0.153,1005,2,2,4,MEDIUM
24/08/2020,Alpha-Beta-Gamma,177,1877,-1762,3560,79,5,1896,-950,-292,659,12056,1871,0.155,90,1,2,2,LOW
25/08/2020,Alpha-Beta-Gamma,178,2447,541,1807,99,17,523,40,56,636,14863,2488,0.167,799,2,2,4,MEDIUM
26/08/2020,Alpha-Beta-Gamma,179,2306,-322,2542,86,15,764,-152,84,711,14337,2158,0.151,924,2,2,4,MEDIUM
27/08/2020,Alpha-Beta-Gamma,180,2719,-567,3166,120,3,1538,-479,-242,820,13469,2047,0.152,345,2,2,4,MEDIUM
28/08/2020,Alpha-Beta-Gamma,181,3003,573,2325,105,7,881,-371,299,816,12916,2111,0.163,1435,2,2,4,MEDIUM
29/08/2020,Alpha-Beta-Gamma,182,3308,1314,1902,92,18,599,286,-15,888,7578,1567,0.207,912,2,1,2,LOW
30/08/2020,Alpha-Beta-Gamma,183,2858,1393,1383,82,14,366,531,203,1114,10024,1996,0.199,1562,3,2,6,HIGH
31/08/2020,Alpha-Beta-Gamma,184,2743,895,1774,74,16,404,336,273,1029,12001,2172,0.181,1623,3,2,6,HIGH
1/9/2020,Alpha-Beta-Gamma,185,2775,589,2098,88,17,729,142,53,941,12117,2242,0.185,1098,2,2,4,MEDIUM
2/9/2020,Alpha-Beta-Gamma,186,3075,1050,1914,111,18,474,334,227,1053,15390,2607,0.169,1561,2,2,4,MEDIUM
3/9/2020,Alpha-Beta-Gamma,187,3622,1404,2084,134,16,683,566,141,1406,12252,2263,0.185,1736,3,2,6,HIGH
4/9/2020,Alpha-Beta-Gamma,188,3269,1061,2126,82,7,836,-66,118,895,11771,2208,0.188,1152,2,2,4,MEDIUM
5/9/2020,Alpha-Beta-Gamma,189,3128,800,2220,108,17,731,244,-150,842,6622,1167,0.176,593,2,1,2,LOW
6/9/2020,Alpha-Beta-Gamma,190,3444,1185,2174,85,12,747,81,405,1245,14808,2427,0.164,2091,3,2,6,HIGH
7/9/2020,Alpha-Beta-Gamma,191,2880,698,2077,105,29,693,124,259,1105,14488,2658,0.183,1710,3,2,6,HIGH
8/9/2020,Alpha-Beta-Gamma,192,3046,640,2306,100,12,1020,-108,91,1015,13666,2232,0.163,1233,2,2,4,MEDIUM
9/9/2020,Alpha-Beta-Gamma,193,3307,959,2242,106,17,794,93,122,1026,14034,2476,0.176,1321,2,2,4,MEDIUM
10/9/2020,Alpha-Beta-Gamma,194,3861,1431,2310,120,18,981,277,174,1450,13386,2501,0.187,1852,3,2,6,HIGH
11/9/2020,Alpha-Beta-Gamma,195,3737,942,2707,88,17,889,175,-47,1034,13078,2826,0.216,991,2,2,4,MEDIUM
12/9/2020,Alpha-Beta-Gamma,196,3806,1459,2241,106,22,1068,347,3,1440,7427,1528,0.206,1512,2,1,2,LOW
13/09/2020,Alpha-Beta-Gamma,197,3636,1011,2552,73,6,831,301,-35,1103,14901,3021,0.203,1051,2,2,4,MEDIUM
14/09/2020,Alpha-Beta-Gamma,198,3141,-372,3395,118,30,1311,-261,-18,1062,11472,2074,0.181,1116,2,2,4,MEDIUM
15/09/2020,Alpha-Beta-Gamma,199,3507,723,2660,124,28,981,181,-163,1027,15747,3215,0.204,785,2,2,4,MEDIUM
16/09/2020,Alpha-Beta-Gamma,200,3963,792,3036,135,30,945,196,334,1505,15665,2699,0.172,2263,3,2,6,HIGH
17/09/2020,Alpha-Beta-Gamma,201,3635,928,2585,122,15,956,106,-63,1014,16387,2842,0.173,933,2,2,4,MEDIUM
18/09/2020,Alpha-Beta-Gamma,202,3891,-311,4088,114,22,1028,437,-84,1403,14296,2878,0.201,1301,2,2,4,MEDIUM
19/09/2020,Alpha-Beta-Gamma,203,4168,480,3576,112,11,1025,246,-350,932,8583,1824,0.213,265,2,1,2,LOW
20/09/2020,Alpha-Beta-Gamma,204,3989,907,2977,105,15,1949,-399,-486,1079,17814,3127,0.176,152,2,2,4,MEDIUM
21/09/2020,Alpha-Beta-Gamma,205,4176,582,3470,124,31,421,928,-70,1310,14999,2424,0.162,1263,2,2,4,MEDIUM
22/09/2020,Alpha-Beta-Gamma,206,4071,410,3501,160,32,843,155,92,1122,15558,2754,0.177,1402,2,2,4,MEDIUM
23/09/2020,Alpha-Beta-Gamma,207,4465,665,3660,140,26,1105,231,-175,1187,17423,2801,0.161,915,2,2,4,MEDIUM
24/09/2020,Alpha-Beta-Gamma,208,4634,611,3895,128,14,1164,103,-148,1133,16250,2814,0.173,879,2,2,4,MEDIUM
25/09/2020,Alpha-Beta-Gamma,209,4823,367,4343,113,13,1610,313,-647,1289,15920,2653,0.167,34,1,2,2,LOW
26/09/2020,Alpha-Beta-Gamma,210,4494,1197,3207,90,2,998,567,-310,1257,9014,1724,0.191,643,2,1,2,LOW
27/09/2020,Alpha-Beta-Gamma,211,3874,185,3611,78,13,1063,321,-211,1186,13092,2157,0.165,803,2,2,4,MEDIUM
28/09/2020,Alpha-Beta-Gamma,212,3509,-434,3856,87,12,1328,-441,-92,807,16962,2658,0.157,659,2,2,4,MEDIUM
29/09/2020,Alpha-Beta-Gamma,213,4002,307,3567,128,14,1124,185,-191,1132,14893,2607,0.175,792,2,2,4,MEDIUM
30/09/2020,Alpha-Beta-Gamma,214,4284,-365,4510,139,13,1455,-306,-103,1059,13311,2428,0.182,892,2,2,4,MEDIUM
1/10/2020,Alpha-Beta-Gamma,215,4174,518,3540,116,6,1124,192,-169,1153,14750,2385,0.162,833,2,2,4,MEDIUM
2/10/2020,Alpha-Beta-Gamma,216,4317,1348,2853,116,3,835,-49,309,1098,14082,2562,0.182,1725,3,2,6,HIGH
3/10/2020,Alpha-Beta-Gamma,217,4007,212,3712,83,3,1007,156,-1,1165,7514,1505,0.2,1172,2,1,2,LOW
4/10/2020,Alpha-Beta-Gamma,218,3992,495,3401,96,18,1033,439,-60,1430,13445,2434,0.181,1364,2,2,4,MEDIUM
5/10/2020,Alpha-Beta-Gamma,219,3622,-620,4140,102,11,976,-179,14,822,14628,2526,0.173,883,2,2,4,MEDIUM
6/10/2020,Alpha-Beta-Gamma,220,4056,91,3844,121,34,1020,-125,78,1007,15419,2497,0.162,1265,2,2,4,MEDIUM
7/10/2020,Alpha-Beta-Gamma,221,4538,586,3854,98,13,995,20,312,1340,15540,2154,0.139,2003,3,2,6,HIGH
8/10/2020,Alpha-Beta-Gamma,222,4850,973,3769,108,19,1042,-90,38,1009,15148,2466,0.163,1142,2,2,4,MEDIUM
9/10/2020,Alpha-Beta-Gamma,223,4094,390,3607,97,22,851,29,70,972,13636,1981,0.145,1178,2,2,4,MEDIUM
10/10/2020,Alpha-Beta-Gamma,224,4294,392,3814,88,17,1284,-48,0,1253,9759,1572,0.161,1304,2,1,2,LOW
11/10/2020,Alpha-Beta-Gamma,225,4497,872,3546,79,24,1062,165,138,1389,17483,2899,0.166,1737,3,2,6,HIGH
12/10/2020,Alpha-Beta-Gamma,226,3267,-316,3492,91,21,1084,-49,112,1168,15499,2378,0.153,1455,2,2,4,MEDIUM
13/10/2020,Alpha-Beta-Gamma,227,3906,-963,4777,92,22,1100,94,-162,1054,16056,2476,0.154,796,2,2,4,MEDIUM
14/10/2020,Alpha-Beta-Gamma,228,4127,-557,4555,129,17,1191,-86,-84,1038,15114,2475,0.164,921,2,2,4,MEDIUM
15/10/2020,Alpha-Beta-Gamma,229,4411,-1511,5810,112,23,1050,-186,184,1071,12663,1879,0.148,1508,2,2,4,MEDIUM
16/10/2020,Alpha-Beta-Gamma,230,4301,339,3883,79,24,982,-138,177,1045,11240,1952,0.174,1471,2,2,4,MEDIUM
17/10/2020,Alpha-Beta-Gamma,231,4301,169,4048,84,24,1106,93,-249,974,6963,979,0.141,548,2,1,2,LOW
18/10/2020,Alpha-Beta-Gamma,232,4105,293,3732,80,19,1074,191,-313,971,12588,1770,0.141,402,2,2,4,MEDIUM
19/10/2020,Alpha-Beta-Gamma,233,3373,-652,3919,106,13,1125,-457,245,926,13016,2008,0.154,1455,2,2,4,MEDIUM
20/10/2020,Alpha-Beta-Gamma,234,3602,-925,4410,117,22,846,-33,129,964,15651,2069,0.132,1288,2,2,4,MEDIUM
21/10/2020,Alpha-Beta-Gamma,235,4267,288,3856,123,19,1071,-19,-71,1000,13289,1825,0.137,915,2,2,4,MEDIUM
22/10/2020,Alpha-Beta-Gamma,236,4432,833,3497,102,15,1160,-293,107,989,12766,1941,0.152,1248,2,2,4,MEDIUM
23/10/2020,Alpha-Beta-Gamma,237,4369,157,4094,118,18,1092,-376,218,952,13192,1971,0.149,1442,2,2,4,MEDIUM
24/10/2020,Alpha-Beta-Gamma,238,4070,-177,4119,128,15,1156,-47,-62,1062,5692,967,0.17,983,2,1,2,LOW
25/10/2020,Alpha-Beta-Gamma,239,3732,-907,4545,94,11,1229,-406,-63,771,12277,1620,0.132,678,2,2,4,MEDIUM
26/10/2020,Alpha-Beta-Gamma,240,3222,-798,3908,112,21,1162,-191,-86,906,15433,2064,0.134,797,2,2,4,MEDIUM
27/10/2020,Alpha-Beta-Gamma,241,3520,-1157,4576,101,10,1083,-217,-95,781,12228,1851,0.151,621,2,2,4,MEDIUM
28/10/2020,Alpha-Beta-Gamma,242,4029,384,3545,100,16,1097,-305,36,844,6255,1072,0.171,964,2,1,2,LOW
29/10/2020,Alpha-Beta-Gamma,243,3565,-509,3985,89,14,1078,-487,108,713,10395,1683,0.162,971,2,2,4,MEDIUM
30/10/2020,Alpha-Beta-Gamma,244,2897,-1701,4517,81,14,1077,-494,15,612,9414,1561,0.166,684,2,1,2,LOW
31/10/2020,Alpha-Beta-Gamma,245,3143,-450,3506,87,16,2122,-933,-455,750,6055,905,0.149,-112,1,1,1,LOW
1/11/2020,Alpha-Beta-Gamma,246,2696,-1519,4141,74,18,385,411,-206,608,11107,1398,0.126,250,2,2,4,MEDIUM
2/11/2020,Alpha-Beta-Gamma,247,2618,-1107,3624,101,18,1057,377,-428,1024,14500,2048,0.141,222,2,2,4,MEDIUM
3/11/2020,Alpha-Beta-Gamma,248,2973,-1060,3931,102,9,1026,-468,50,617,14246,1946,0.137,744,2,2,4,MEDIUM
4/11/2020,Alpha-Beta-Gamma,249,3356,-542,3785,113,15,931,-179,7,774,12261,1568,0.128,833,2,2,4,MEDIUM
5/11/2020,Alpha-Beta-Gamma,250,4065,116,3860,89,16,973,-405,207,791,13591,1747,0.129,1253,2,2,4,MEDIUM
6/11/2020,Alpha-Beta-Gamma,251,3778,121,3563,94,17,1024,-210,-159,672,12829,1842,0.144,405,2,2,4,MEDIUM
7/11/2020,Alpha-Beta-Gamma,252,4262,452,3712,98,11,986,109,12,1118,7382,997,0.135,1175,2,1,2,LOW
8/11/2020,Alpha-Beta-Gamma,253,3880,-75,3881,74,7,975,179,-335,826,10973,1510,0.138,177,2,2,4,MEDIUM
9/11/2020,Alpha-Beta-Gamma,254,2853,-1190,3968,75,11,1053,-288,-60,716,15375,2157,0.14,629,2,2,4,MEDIUM
10/11/2020,Alpha-Beta-Gamma,255,3779,232,3475,72,14,1300,-326,25,1013,15081,2296,0.152,1105,2,2,4,MEDIUM
11/11/2020,Alpha-Beta-Gamma,256,3770,454,3241,75,12,973,-563,165,587,15842,2291,0.145,953,2,2,4,MEDIUM
12/11/2020,Alpha-Beta-Gamma,257,4173,974,3102,97,11,1072,-283,31,831,13160,1802,0.137,926,2,2,4,MEDIUM
13/11/2020,Alpha-Beta-Gamma,258,5444,2330,3010,104,14,958,150,-89,1033,14553,2478,0.17,897,2,2,4,MEDIUM
14/11/2020,Alpha-Beta-Gamma,259,5272,2161,3000,111,13,1062,-318,498,1255,9328,2057,0.221,2290,3,1,3,MEDIUM
15/11/2020,Alpha-Beta-Gamma,260,4106,146,3897,63,7,972,242,-56,1165,13717,2224,0.162,1074,2,2,4,MEDIUM
16/11/2020,Alpha-Beta-Gamma,261,3535,-2,3452,85,7,1040,-532,491,1006,16291,2769,0.17,2009,3,2,6,HIGH
17/11/2020,Alpha-Beta-Gamma,262,3807,517,3193,97,4,875,-65,224,1038,14303,1894,0.132,1498,2,2,4,MEDIUM
18/11/2020,Alpha-Beta-Gamma,263,4265,444,3711,110,11,852,264,20,1147,15251,2622,0.172,1220,2,2,4,MEDIUM
19/11/2020,Alpha-Beta-Gamma,264,4798,436,4265,97,14,885,14,272,1185,16016,2918,0.182,1771,3,2,6,HIGH
20/11/2020,Alpha-Beta-Gamma,265,4792,774,3940,78,17,906,-17,334,1240,15563,2767,0.178,1959,3,2,6,HIGH
21/11/2020,Alpha-Beta-Gamma,266,4998,1499,3403,96,14,1124,707,-266,1579,11111,1979,0.178,1089,2,2,4,MEDIUM
22/11/2020,Alpha-Beta-Gamma,267,4360,17,4233,110,16,1076,206,44,1342,16162,2445,0.151,1478,2,2,4,MEDIUM
23/11/2020,Alpha-Beta-Gamma,268,4442,126,4198,118,17,1064,63,-135,1009,20276,3555,0.175,790,2,3,6,HIGH
24/11/2020,Alpha-Beta-Gamma,269,4192,1156,2927,109,19,1059,-74,11,1015,17836,3787,0.212,1094,2,2,4,MEDIUM
25/11/2020,Alpha-Beta-Gamma,270,5534,926,4494,114,17,1037,482,-263,1273,18214,3469,0.19,798,2,2,4,MEDIUM
26/11/2020,Alpha-Beta-Gamma,271,4917,948,3842,127,13,1188,-124,-13,1064,17642,3598,0.204,1077,2,2,4,MEDIUM
27/11/2020,Alpha-Beta-Gamma,272,5828,1852,3807,169,17,795,777,-153,1436,16473,3745,0.227,1181,2,2,4,MEDIUM
28/11/2020,Alpha-Beta-Gamma,273,5418,766,4527,125,18,1246,268,-162,1370,10500,1795,0.171,1100,2,2,4,MEDIUM
29/11/2020,Alpha-Beta-Gamma,274,6267,2288,3810,169,20,835,687,-111,1431,17275,2610,0.151,1269,2,2,4,MEDIUM
30/11/2020,Alpha-Beta-Gamma,275,4617,-238,4725,130,19,915,215,-50,1099,19782,3568,0.18,1056,2,3,6,HIGH
1/12/2020,Alpha-Beta-Gamma,276,5092,595,4361,136,18,1024,114,-98,1058,16183,3273,0.202,916,2,2,4,MEDIUM
2/12/2020,Alpha-Beta-Gamma,277,5533,1414,4001,118,21,1061,265,-181,1166,17106,3169,0.185,867,2,2,4,MEDIUM
3/12/2020,Alpha-Beta-Gamma,278,8369,4540,3673,156,24,973,-47,203,1153,19014,3444,0.181,1631,3,2,6,HIGH
4/12/2020,Alpha-Beta-Gamma,279,5803,2054,3625,124,23,915,-82,176,1032,17437,3642,0.209,1453,2,2,4,MEDIUM
5/12/2020,Alpha-Beta-Gamma,280,6027,1646,4271,110,22,1016,550,-228,1360,9399,2358,0.251,970,2,2,4,MEDIUM
6/12/2020,Alpha-Beta-Gamma,281,6089,1616,4322,151,20,1069,196,46,1331,17721,3339,0.188,1483,2,2,4,MEDIUM
7/12/2020,Alpha-Beta-Gamma,282,5754,1196,4431,127,24,935,654,-147,1466,15915,3190,0.2,1244,2,2,4,MEDIUM
8/12/2020,Alpha-Beta-Gamma,283,5292,864,4295,133,19,1177,177,-199,1174,17326,2692,0.155,833,2,2,4,MEDIUM
9/12/2020,Alpha-Beta-Gamma,284,6058,1939,3948,171,18,1070,53,96,1237,19322,3906,0.202,1483,2,2,4,MEDIUM
10/12/2020,Alpha-Beta-Gamma,285,6033,1338,4530,165,20,1048,-312,424,1180,18042,3463,0.192,2088,3,2,6,HIGH
11/12/2020,Alpha-Beta-Gamma,286,6310,1224,4911,175,22,1179,-313,344,1232,13779,3152,0.229,1986,3,2,6,HIGH
12/12/2020,Alpha-Beta-Gamma,287,6388,1756,4490,142,20,944,-256,243,951,9258,2025,0.219,1497,2,1,2,LOW
13/12/2020,Alpha-Beta-Gamma,288,6189,1563,4460,166,19,1116,-143,306,1298,16536,3529,0.213,1967,3,2,6,HIGH
14/12/2020,Alpha-Beta-Gamma,289,5489,231,5121,137,22,1383,315,-154,1566,20013,4117,0.206,1324,2,3,6,HIGH
15/12/2020,Alpha-Beta-Gamma,290,6120,266,5699,155,27,1237,-351,144,1057,21754,4951,0.228,1426,2,3,6,HIGH
16/12/2020,Alpha-Beta-Gamma,291,6725,1260,5328,137,20,1140,-380,441,1221,24343,4999,0.205,2163,3,3,9,HIGH
17/12/2020,Alpha-Beta-Gamma,292,7354,2217,4995,142,17,1376,-412,709,1690,21044,4292,0.204,3159,3,3,9,HIGH
18/12/2020,Alpha-Beta-Gamma,293,6689,1549,5016,124,21,1218,-178,526,1587,14905,3535,0.237,2702,3,2,6,HIGH
19/12/2020,Alpha-Beta-Gamma,294,7751,3341,4265,145,20,1107,439,333,1899,10298,2265,0.22,2625,3,2,6,HIGH
20/12/2020,Alpha-Beta-Gamma,295,6982,1210,5551,221,19,1892,-55,-264,1592,19709,4368,0.222,1121,2,2,4,MEDIUM
21/12/2020,Alpha-Beta-Gamma,296,6848,1570,5073,205,10,1350,309,-203,1466,18364,4284,0.233,1090,2,2,4,MEDIUM
22/12/2020,Alpha-Beta-Gamma,297,6347,337,5838,172,18,1383,254,-344,1311,21881,5089,0.233,677,2,3,6,HIGH
23/12/2020,Alpha-Beta-Gamma,298,7514,1382,5981,151,15,1431,23,485,1954,20883,5119,0.245,2969,3,3,9,HIGH
24/12/2020,Alpha-Beta-Gamma,299,7199,1741,5277,181,16,1369,190,358,1933,12981,3867,0.298,2697,3,3,9,HIGH
25/12/2020,Alpha-Beta-Gamma,300,7259,677,6324,258,21,1751,-113,437,2096,12836,3412,0.266,3033,3,3,9,HIGH
26/12/2020,Alpha-Beta-Gamma,301,6740,204,6389,147,15,2556,719,-1232,2058,12828,3539,0.276,-361,1,3,3,MEDIUM
27/12/2020,Alpha-Beta-Gamma,302,6528,-698,6983,243,22,1817,216,-58,1997,22711,5842,0.257,1947,3,3,9,HIGH
28/12/2020,Alpha-Beta-Gamma,303,5854,-663,6302,215,22,1263,264,129,1678,23008,6740,0.293,2002,3,3,9,HIGH
29/12/2020,Alpha-Beta-Gamma,304,7903,847,6805,251,20,1459,99,478,2056,22156,6529,0.295,3072,3,3,9,HIGH
30/12/2020,Alpha-Beta-Gamma,305,8002,803,6958,241,20,1574,-136,595,2053,18999,6088,0.32,3303,3,3,9,HIGH
31/12/2020,Alpha-Beta-Gamma,306,8074,524,7356,194,21,1970,-136,167,2022,9703,3273,0.337,2419,3,2,6,HIGH
1/1/2021,Alpha-Beta-Gamma,307,8072,1042,6839,191,21,1631,336,-32,1956,15322,5195,0.339,1955,3,3,9,HIGH
2/1/2021,Alpha-Beta-Gamma,308,7203,-605,7582,226,26,2269,790,-1190,1895,12473,4153,0.333,-407,1,3,3,MEDIUM
3/1/2021,Alpha-Beta-Gamma,309,6877,279,6419,179,11,1729,106,-189,1657,21065,6074,0.288,1312,2,3,6,HIGH
4/1/2021,Alpha-Beta-Gamma,310,6753,-590,7166,177,24,2526,-607,-111,1832,21799,6628,0.304,1682,3,3,9,HIGH
5/1/2021,Alpha-Beta-Gamma,311,7445,604,6643,198,23,1095,526,180,1824,24637,7354,0.298,2253,3,3,9,HIGH
6/1/2021,Alpha-Beta-Gamma,312,8854,1900,6767,187,18,1310,1299,-225,2402,22622,7163,0.317,2006,3,3,9,HIGH
7/1/2021,Alpha-Beta-Gamma,313,9321,2173,6924,224,25,1441,585,347,2398,23062,7184,0.312,3167,3,3,9,HIGH
8/1/2021,Alpha-Beta-Gamma,314,10617,2938,7446,233,28,2680,616,-365,2959,19890,6416,0.323,2313,3,3,9,HIGH
9/1/2021,Alpha-Beta-Gamma,315,10046,3224,6628,194,22,2051,-321,1001,2753,12390,4380,0.354,4821,3,3,9,HIGH
10/1/2021,Alpha-Beta-Gamma,316,9640,1945,7513,182,32,2963,90,-374,2711,17884,5609,0.314,2059,3,3,9,HIGH
11/1/2021,Alpha-Beta-Gamma,317,8692,763,7715,214,34,2510,375,-458,2461,19662,5787,0.294,1647,3,3,9,HIGH
12/1/2021,Alpha-Beta-Gamma,318,10047,2677,7068,302,38,1589,1050,-8,2669,22305,6839,0.307,2767,3,3,9,HIGH
13/01/2021,Alpha-Beta-Gamma,319,11278,3315,7657,306,45,2960,418,53,3476,23897,8169,0.342,3717,3,3,9,HIGH
14/01/2021,Alpha-Beta-Gamma,320,11557,3521,7741,295,41,2084,843,197,3165,25602,7679,0.3,3682,3,3,9,HIGH
15/01/2021,Alpha-Beta-Gamma,321,12818,5089,7491,238,35,2205,-299,600,2541,20260,6842,0.338,3846,3,3,9,HIGH
16/01/2021,Alpha-Beta-Gamma,322,14224,5279,8662,283,35,2212,1971,-682,3536,14991,5254,0.35,2277,3,3,9,HIGH
17/01/2021,Alpha-Beta-Gamma,323,11287,1965,9102,220,34,3771,-783,373,3395,23667,7974,0.337,4243,3,3,9,HIGH
18/01/2021,Alpha-Beta-Gamma,324,9086,-684,9475,295,36,2804,-322,-157,2361,23628,7273,0.308,2155,3,3,9,HIGH
19/01/2021,Alpha-Beta-Gamma,325,10365,2044,8013,308,21,4527,-1815,-170,2563,25681,7942,0.309,2286,3,3,9,HIGH
20/01/2021,Alpha-Beta-Gamma,326,12568,2546,9755,267,32,1745,1785,224,3786,26971,8889,0.33,4330,3,3,9,HIGH
21/01/2021,Alpha-Beta-Gamma,327,11703,2270,9087,346,32,2587,577,-45,3151,25936,8708,0.336,3157,3,3,9,HIGH
22/01/2021,Alpha-Beta-Gamma,328,13632,5025,8357,250,40,2149,786,817,3792,21451,7621,0.355,5546,3,3,9,HIGH
23/01/2021,Alpha-Beta-Gamma,329,12191,2068,9912,211,40,3568,905,-1228,3285,19348,6040,0.312,949,2,3,6,HIGH
24/01/2021,Alpha-Beta-Gamma,330,11788,3866,7751,171,44,2280,897,291,3512,20197,6831,0.338,4226,3,3,9,HIGH
25/01/2021,Alpha-Beta-Gamma,331,9994,-981,10678,297,39,2504,315,-407,2451,21556,6146,0.285,1754,3,3,9,HIGH
26/01/2021,Alpha-Beta-Gamma,332,13094,1890,10868,336,45,2939,-437,-233,2314,24620,7222,0.293,1983,3,3,9,HIGH
27/01/2021,Alpha-Beta-Gamma,333,11948,587,10974,387,26,2971,-904,-257,1836,24617,6443,0.262,1400,2,3,6,HIGH
28/01/2021,Alpha-Beta-Gamma,334,13695,2427,10792,476,51,2720,-55,173,2889,23326,6774,0.29,3388,3,3,9,HIGH
29/01/2021,Alpha-Beta-Gamma,335,13802,3477,10138,187,39,2439,908,62,3448,20888,6207,0.297,3689,3,3,9,HIGH
30/01/2021,Alpha-Beta-Gamma,336,14518,4066,10242,210,30,3255,1158,-952,3491,12494,4101,0.328,1677,3,3,9,HIGH
31/01/2021,Alpha-Beta-Gamma,337,12001,1012,10719,270,13,3674,-1267,1054,3474,18852,5389,0.286,5621,3,3,9,HIGH
1/2/2021,Alpha-Beta-Gamma,338,10994,254,10461,279,70,2133,552,859,3614,21193,6480,0.306,5542,3,3,9,HIGH
2/2/2021,Alpha-Beta-Gamma,339,10379,-2773,12848,304,42,4313,-899,-94,3362,21030,5793,0.275,3300,3,3,9,HIGH
3/2/2021,Alpha-Beta-Gamma,340,11984,2660,9135,189,41,1295,2938,-707,3567,22522,6344,0.282,2276,3,3,9,HIGH
4/2/2021,Alpha-Beta-Gamma,341,11434,-168,11371,231,41,4345,-1444,690,3632,19958,5312,0.266,5135,3,3,9,HIGH
5/2/2021,Alpha-Beta-Gamma,342,11749,1604,9944,201,41,2547,772,-20,3340,20412,5505,0.27,3423,3,3,9,HIGH
6/2/2021,Alpha-Beta-Gamma,343,12156,-239,12204,191,39,4325,-1866,-119,2379,11720,3182,0.272,2258,3,3,9,HIGH
7/2/2021,Alpha-Beta-Gamma,344,10827,-142,10806,163,46,4342,-1367,1192,4213,18461,4167,0.226,6735,3,2,6,HIGH
8/2/2021,Alpha-Beta-Gamma,345,8242,-5003,13038,207,44,3416,-192,-124,3144,20777,5508,0.265,3028,3,3,9,HIGH
9/2/2021,Alpha-Beta-Gamma,346,8700,-1937,10424,213,50,2788,408,191,3437,19727,5252,0.266,3969,3,3,9,HIGH
10/2/2021,Alpha-Beta-Gamma,347,8776,-935,9520,191,44,3244,-1498,1519,3309,19907,5026,0.252,6479,3,3,9,HIGH
11/2/2021,Alpha-Beta-Gamma,348,8435,-1924,10145,214,23,4005,-2557,1043,2514,13180,3781,0.287,4669,3,3,9,HIGH
12/2/2021,Alpha-Beta-Gamma,349,9869,-1406,11000,275,50,5757,-3345,1348,3810,16295,4795,0.294,6656,3,3,9,HIGH
13/02/2021,Alpha-Beta-Gamma,350,8844,-3355,11919,280,52,4610,-1130,-514,3018,9926,2727,0.275,2146,3,3,9,HIGH
14/02/2021,Alpha-Beta-Gamma,351,6765,-2719,9237,247,45,4349,-627,-1271,2496,13627,3461,0.254,89,1,3,3,MEDIUM
15/02/2021,Alpha-Beta-Gamma,352,6462,-514,6792,184,45,2085,-136,-115,1879,11632,3253,0.28,1784,3,3,9,HIGH
16/02/2021,Alpha-Beta-Gamma,353,10029,2191,7609,229,47,2072,161,-419,1861,13642,4172,0.306,1164,2,3,6,HIGH
17/02/2021,Alpha-Beta-Gamma,354,9687,1493,8002,192,39,2100,-575,-119,1445,19480,5143,0.264,1324,2,3,6,HIGH
18/02/2021,Alpha-Beta-Gamma,355,9039,-1688,10546,181,18,2656,-1400,-901,373,14293,3917,0.274,-1375,1,3,3,MEDIUM
19/02/2021,Alpha-Beta-Gamma,356,10614,-352,10783,183,37,2544,256,-917,1920,15717,4011,0.255,197,2,3,6,HIGH
20/02/2021,Alpha-Beta-Gamma,357,8054,-1945,9835,164,40,2764,-158,226,2872,9897,2274,0.23,3444,3,2,6,HIGH
21/02/2021,Alpha-Beta-Gamma,358,7300,-1109,8236,173,51,2653,-28,44,2720,14844,4027,0.271,2961,3,3,9,HIGH
22/02/2021,Alpha-Beta-Gamma,359,10180,60,9918,202,34,2336,391,-290,2471,18185,4964,0.273,1993,3,3,9,HIGH
23/02/2021,Alpha-Beta-Gamma,360,9775,1456,7996,323,42,1815,-402,-673,782,18340,4720,0.257,-438,1,3,3,MEDIUM
24/02/2021,Alpha-Beta-Gamma,361,7533,-442,7735,240,53,2440,-1118,-593,782,16238,3802,0.234,-245,1,2,2,LOW
25/02/2021,Alpha-Beta-Gamma,362,8493,-457,8686,264,45,2323,-509,-278,1581,16184,4196,0.259,1160,2,3,6,HIGH
26/02/2021,Alpha-Beta-Gamma,363,8232,703,7261,268,39,1712,61,-151,1661,14775,4068,0.275,1476,2,3,6,HIGH
27/02/2021,Alpha-Beta-Gamma,364,6208,-1369,7382,195,54,1247,325,111,1737,9828,2487,0.253,2121,3,3,9,HIGH
28/02/2021,Alpha-Beta-Gamma,365,5560,-1274,6649,185,39,1607,55,397,2098,13533,2884,0.213,3009,3,2,6,HIGH
1/3/2021,Alpha-Beta-Gamma,366,6680,-2691,9212,159,50,2617,-49,-560,2058,25673,6521,0.254,1088,2,3,6,HIGH
2/3/2021,Alpha-Beta-Gamma,367,5712,-3429,8948,193,40,2017,-819,-660,578,17590,3883,0.221,-622,1,2,2,LOW
3/3/2021,Alpha-Beta-Gamma,368,6808,-2448,9053,203,45,2490,-1330,232,1437,15761,3477,0.221,2036,3,2,6,HIGH
4/3/2021,Alpha-Beta-Gamma,369,7264,648,6440,176,44,1742,198,24,2008,11875,3639,0.306,2188,3,3,9,HIGH
5/3/2021,Alpha-Beta-Gamma,370,6995,535,6331,129,45,1342,86,-314,1159,10327,3116,0.302,666,2,3,6,HIGH
6/3/2021,Alpha-Beta-Gamma,371,5743,-1208,6823,128,46,1517,202,-149,1616,5460,1356,0.248,1456,2,2,4,MEDIUM
7/3/2021,Alpha-Beta-Gamma,372,5826,568,5146,112,42,1809,-34,17,1834,15215,3357,0.221,1994,3,2,6,HIGH
8/3/2021,Alpha-Beta-Gamma,373,6894,-2112,8725,281,48,1505,300,-70,1783,17709,4373,0.247,1787,3,3,9,HIGH
9/3/2021,Alpha-Beta-Gamma,374,6389,-1317,7496,210,45,1656,-638,-196,867,18264,4302,0.236,610,2,2,4,MEDIUM
10/3/2021,Alpha-Beta-Gamma,375,5633,-98,5556,175,40,811,-165,354,1040,13865,2586,0.187,1868,3,2,6,HIGH
11/3/2021,Alpha-Beta-Gamma,376,5144,-3143,8170,117,20,908,562,264,1754,14220,3237,0.228,2342,3,2,6,HIGH
12/3/2021,Alpha-Beta-Gamma,377,6412,-619,6851,180,26,1045,417,385,1873,15700,4613,0.294,2721,3,3,9,HIGH
13/03/2021,Alpha-Beta-Gamma,378,4607,-1509,6016,100,22,1851,-444,-395,1034,10739,1956,0.182,310,2,2,4,MEDIUM
14/03/2021,Alpha-Beta-Gamma,379,4714,-1030,5647,97,35,2008,-783,-56,1204,19049,3952,0.207,1197,2,2,4,MEDIUM
15/03/2021,Alpha-Beta-Gamma,380,5589,-1388,6830,147,12,1792,42,-291,1555,19623,6834,0.348,1009,2,3,6,HIGH
16/03/2021,Alpha-Beta-Gamma,381,5414,-2482,7716,180,24,1559,-489,-259,835,18884,4075,0.216,389,2,2,4,MEDIUM
17/03/2021,Alpha-Beta-Gamma,382,6825,-2347,9010,162,15,1119,-89,285,1330,14372,3103,0.216,1945,3,2,6,HIGH
18/03/2021,Alpha-Beta-Gamma,383,6570,58,6285,227,23,1147,366,183,1719,16506,3572,0.216,2154,3,2,6,HIGH
19/03/2021,Alpha-Beta-Gamma,384,6279,75,6007,197,20,1209,210,149,1588,13240,3137,0.237,1946,3,2,6,HIGH
20/03/2021,Alpha-Beta-Gamma,385,5656,-212,5760,108,23,1185,411,318,1937,10911,2093,0.192,2642,3,2,6,HIGH
21/03/2021,Alpha-Beta-Gamma,386,4396,-1772,6065,103,17,1879,-35,-223,1638,13132,2977,0.227,1243,2,2,4,MEDIUM
22/03/2021,Alpha-Beta-Gamma,387,5744,-1594,7177,161,19,1726,-84,-187,1474,20120,4133,0.205,1157,2,3,6,HIGH
23/03/2021,Alpha-Beta-Gamma,388,5297,-1811,6954,154,27,1653,-668,-197,815,15928,3326,0.209,502,2,2,4,MEDIUM
24/03/2021,Alpha-Beta-Gamma,389,5227,-2513,7622,118,18,1769,-457,-440,890,16350,3064,0.187,64,1,2,2,LOW
25/03/2021,Alpha-Beta-Gamma,390,6107,1353,4656,98,17,727,572,410,1726,16714,3259,0.195,2597,3,2,6,HIGH
26/03/2021,Alpha-Beta-Gamma,391,4982,-782,5679,85,19,624,407,331,1381,15365,2520,0.164,2100,3,2,6,HIGH
27/03/2021,Alpha-Beta-Gamma,392,4461,20,4243,198,21,652,303,378,1354,9372,1373,0.147,2173,3,1,3,MEDIUM
28/03/2021,Alpha-Beta-Gamma,393,4083,-281,4279,85,23,1341,34,72,1470,14632,2722,0.186,1683,3,2,6,HIGH
29/03/2021,Alpha-Beta-Gamma,394,5008,-542,5418,132,20,1023,68,-97,1014,16366,3120,0.191,880,2,2,4,MEDIUM
30/03/2021,Alpha-Beta-Gamma,395,4682,-1368,5877,173,3,1204,-615,-208,384,15156,2822,0.186,-23,1,2,2,LOW
31/03/2021,Alpha-Beta-Gamma,396,5937,198,5635,104,14,1188,-391,154,965,13927,2485,0.178,1315,2,2,4,MEDIUM
1/4/2021,Alpha-Beta-Gamma,397,6142,-1302,7248,196,3,922,419,-7,1337,9396,1478,0.157,1332,2,1,2,LOW
2/4/2021,Alpha-Beta-Gamma,398,5325,-211,5439,97,7,1325,-14,-78,1240,10124,1744,0.172,1105,2,2,4,MEDIUM
3/4/2021,Alpha-Beta-Gamma,399,4345,-943,5197,91,5,1240,-116,-31,1098,9778,1785,0.183,1051,2,1,2,LOW
4/4/2021,Alpha-Beta-Gamma,400,6731,-3359,9663,427,4,1071,-168,-171,736,15776,2821,0.179,406,2,2,4,MEDIUM
5/4/2021,Alpha-Beta-Gamma,401,3712,-2234,5800,146,12,977,-378,-88,523,15918,2688,0.169,383,2,2,4,MEDIUM
6/4/2021,Alpha-Beta-Gamma,402,4549,91,4296,162,7,538,-66,8,487,13296,2307,0.174,524,2,2,4,MEDIUM
7/4/2021,Alpha-Beta-Gamma,403,4860,-996,5769,87,12,571,109,170,862,16708,2363,0.141,1238,2,2,4,MEDIUM
8/4/2021,Alpha-Beta-Gamma,404,5504,-2299,7640,163,19,619,430,171,1239,16208,2356,0.145,1638,3,2,6,HIGH
9/4/2021,Alpha-Beta-Gamma,405,5265,-1153,6297,121,14,689,262,48,1013,14245,1818,0.128,1151,2,2,4,MEDIUM
10/4/2021,Alpha-Beta-Gamma,406,4723,1019,3609,95,11,838,210,-82,977,9082,1213,0.134,846,2,1,2,LOW
11/4/2021,Alpha-Beta-Gamma,407,4127,-1179,5219,87,15,1413,-99,-298,1031,14487,2357,0.163,480,2,2,4,MEDIUM
12/4/2021,Alpha-Beta-Gamma,408,4829,-586,5289,126,9,1350,-293,-374,692,20115,3460,0.172,-29,1,3,3,MEDIUM
13/04/2021,Alpha-Beta-Gamma,409,5702,-773,6349,126,23,889,2,-86,828,16048,2723,0.17,725,2,2,4,MEDIUM
14/04/2021,Alpha-Beta-Gamma,410,5656,-215,5747,124,7,642,12,0,661,16409,2576,0.157,682,2,2,4,MEDIUM
15/04/2021,Alpha-Beta-Gamma,411,6177,-352,6362,167,15,526,583,206,1330,14451,2115,0.146,1787,3,2,6,HIGH
16/04/2021,Alpha-Beta-Gamma,412,5363,-735,5975,123,9,1038,-314,246,979,11844,1964,0.166,1498,2,2,4,MEDIUM
17/04/2021,Alpha-Beta-Gamma,413,5041,-1054,5963,132,7,997,-95,128,1037,11099,1551,0.14,1314,2,2,4,MEDIUM
18/04/2021,Alpha-Beta-Gamma,414,4585,-384,4873,96,16,963,-199,170,950,13690,2083,0.152,1338,2,2,4,MEDIUM
19/04/2021,Alpha-Beta-Gamma,415,4952,-1540,6349,143,22,991,-95,55,973,14525,2487,0.171,1149,2,2,4,MEDIUM
20/04/2021,Alpha-Beta-Gamma,416,5549,-1389,6728,210,11,901,-273,-179,460,13051,1796,0.138,135,2,2,4,MEDIUM
21/04/2021,Alpha-Beta-Gamma,417,5720,-1824,7314,230,18,576,9,-1,602,13863,2054,0.148,654,2,2,4,MEDIUM
22/04/2021,Alpha-Beta-Gamma,418,6243,85,5993,165,9,652,543,62,1266,14348,2382,0.166,1417,2,2,4,MEDIUM
23/04/2021,Alpha-Beta-Gamma,419,5436,-658,5920,174,16,710,87,71,884,13980,2245,0.161,1074,2,2,4,MEDIUM
24/04/2021,Alpha-Beta-Gamma,420,4544,-563,4953,154,11,889,-21,28,907,8558,1480,0.173,996,2,1,2,LOW
25/04/2021,Alpha-Beta-Gamma,421,4402,504,3804,94,22,967,-164,71,896,14746,2253,0.153,1104,2,2,4,MEDIUM
26/04/2021,Alpha-Beta-Gamma,422,5944,178,5589,176,15,1294,-247,-313,749,14992,2325,0.155,168,2,2,4,MEDIUM
27/04/2021,Alpha-Beta-Gamma,423,4656,-396,4884,169,19,610,-153,-83,393,12120,1863,0.154,284,2,2,4,MEDIUM
28/04/2021,Alpha-Beta-Gamma,424,5241,246,4818,177,11,609,-49,68,639,14576,2600,0.178,808,2,2,4,MEDIUM
29/04/2021,Alpha-Beta-Gamma,425,5833,-400,6015,218,20,589,358,20,987,17048,2163,0.127,1087,2,2,4,MEDIUM
30/04/2021,Alpha-Beta-Gamma,426,5500,111,5202,187,23,536,113,117,789,11590,2128,0.184,1092,2,2,4,MEDIUM
1/5/2021,Alpha-Beta-Gamma,427,4512,37,4344,131,14,705,112,95,926,9020,888,0.098,1158,2,1,2,LOW
2/5/2021,Alpha-Beta-Gamma,428,4394,510,3740,144,20,950,-83,-33,854,17082,2275,0.133,848,2,2,4,MEDIUM
3/5/2021,Delta,1,4730,-196,4773,153,21,755,33,-52,757,17285,2448,0.142,716,2,2,4,MEDIUM
4/5/2021,Delta,2,4369,-1477,5658,188,19,606,-236,27,416,16710,2208,0.132,527,2,2,4,MEDIUM
5/5/2021,Delta,3,5285,-870,5943,212,23,655,-7,174,845,17747,2114,0.119,1262,2,2,4,MEDIUM
6/5/2021,Delta,4,5647,60,5440,147,20,614,166,105,905,15473,2196,0.142,1175,2,2,4,MEDIUM
7/5/2021,Delta,5,6327,269,5891,167,22,597,79,85,783,13267,1968,0.148,1019,2,2,4,MEDIUM
8/5/2021,Delta,6,6130,457,5494,179,24,582,84,42,732,9872,2004,0.203,888,2,2,4,MEDIUM
9/5/2021,Delta,7,3922,-608,4360,170,15,711,79,4,809,9997,1711,0.171,862,2,2,4,MEDIUM
10/5/2021,Delta,8,4891,-1653,6338,206,22,630,75,-33,694,11689,1640,0.14,694,2,2,4,MEDIUM
11/5/2021,Delta,9,5021,-818,5592,247,19,630,-233,-10,406,11757,1730,0.147,443,2,2,4,MEDIUM
12/5/2021,Delta,10,4608,-215,4671,152,21,665,-88,58,656,6121,923,0.151,835,2,1,2,LOW
13/05/2021,Delta,11,3448,-852,4201,99,0,591,228,-34,785,6056,912,0.151,717,2,1,2,LOW
14/05/2021,Delta,12,2633,-1281,3807,107,30,557,-128,173,632,6760,969,0.143,1068,2,1,2,LOW
15/05/2021,Delta,13,2385,-1940,4181,144,63,528,-214,-150,227,6230,930,0.149,116,1,1,1,LOW
16/05/2021,Delta,14,3080,-836,3790,126,16,265,-99,-21,161,11350,1400,0.123,167,2,2,4,MEDIUM
17/05/2021,Delta,15,4295,-1671,5754,212,25,249,-31,178,421,10705,941,0.088,852,2,2,4,MEDIUM
18/05/2021,Delta,16,4185,-1615,5628,172,23,128,90,50,291,10651,1895,0.178,460,2,2,4,MEDIUM
19/05/2021,Delta,17,4871,315,4364,192,19,178,118,224,539,10473,1646,0.157,1044,2,2,4,MEDIUM
20/05/2021,Delta,18,5797,610,4969,218,20,179,431,265,895,20379,2184,0.107,1485,2,3,6,HIGH
21/05/2021,Delta,19,5746,990,4570,186,15,204,345,292,856,16501,1834,0.111,1485,2,2,4,MEDIUM
22/05/2021,Delta,20,5296,1811,3353,132,12,382,244,294,932,10895,974,0.089,1556,2,2,4,MEDIUM
23/05/2021,Delta,21,5280,1607,3550,123,11,369,358,129,867,13737,1893,0.138,1158,2,2,4,MEDIUM
24/05/2021,Delta,22,5907,546,5234,127,18,318,335,148,819,19669,2215,0.113,1169,2,2,4,MEDIUM
25/05/2021,Delta,23,5060,1093,3795,172,14,506,-62,-74,384,11620,1189,0.102,278,2,2,4,MEDIUM
26/05/2021,Delta,24,5034,1701,3189,144,11,526,-24,104,617,13241,1595,0.12,858,2,2,4,MEDIUM
27/05/2021,Delta,25,6278,2218,3924,136,21,566,287,66,940,18817,2425,0.129,1135,2,2,4,MEDIUM
28/05/2021,Delta,26,5862,299,5370,193,17,912,-119,-117,693,15193,1890,0.124,510,2,2,4,MEDIUM
29/05/2021,Delta,27,6565,986,5417,162,8,1011,-157,-55,807,11265,1157,0.103,721,2,2,4,MEDIUM
30/05/2021,Delta,28,6115,1949,4024,142,13,987,96,-32,1064,15974,2207,0.138,1039,2,2,4,MEDIUM
31/05/2021,Delta,29,5662,367,5121,174,18,579,141,-12,726,10325,1303,0.126,756,2,2,4,MEDIUM
1/6/2021,Delta,30,4824,-681,5360,145,22,519,-27,5,519,14377,2204,0.153,595,2,2,4,MEDIUM
2/6/2021,Delta,31,5246,-961,6022,185,12,586,-36,39,601,20055,2966,0.148,715,2,3,6,HIGH
3/6/2021,Delta,32,5353,-5926,11092,187,20,501,224,-31,714,14603,2062,0.141,712,2,2,4,MEDIUM
4/6/2021,Delta,33,6486,335,5950,201,21,816,12,57,906,13465,2651,0.197,1083,2,2,4,MEDIUM
5/6/2021,Delta,34,6594,2200,4241,153,21,821,342,133,1317,8921,1340,0.15,1646,3,1,3,MEDIUM
6/6/2021,Delta,35,5832,1482,4187,163,15,864,210,-70,1019,12963,2629,0.203,924,2,2,4,MEDIUM
7/6/2021,Delta,36,6993,1208,5594,191,19,813,295,70,1197,15900,3553,0.223,1394,2,2,4,MEDIUM
8/6/2021,Delta,37,6294,300,5805,189,21,1003,-204,-65,755,17241,3852,0.223,688,2,2,4,MEDIUM
9/6/2021,Delta,38,7725,1672,5883,170,21,1112,63,175,1371,17606,4176,0.237,1784,3,2,6,HIGH
10/6/2021,Delta,39,8851,2979,5661,211,24,1102,871,99,2096,17340,4560,0.263,2366,3,3,9,HIGH
11/6/2021,Delta,40,8124,1701,6230,193,20,1185,759,329,2293,16218,4455,0.275,3011,3,3,9,HIGH
12/6/2021,Delta,41,7465,2009,5292,164,14,725,1105,611,2455,10133,2384,0.235,3719,3,2,6,HIGH
13/06/2021,Delta,42,9868,5064,4655,149,14,935,1179,641,2769,14135,4417,0.312,4093,3,3,9,HIGH
14/06/2021,Delta,43,8189,1809,6143,237,38,1032,1206,446,2722,21531,7283,0.338,3728,3,3,9,HIGH
15/06/2021,Delta,44,8161,1590,6407,164,25,1329,-138,286,1502,24032,7730,0.322,2149,3,3,9,HIGH
16/06/2021,Delta,45,9944,3519,6229,196,31,1278,453,614,2376,24183,8222,0.34,3697,3,3,9,HIGH
17/06/2021,Delta,46,12624,4997,7350,277,48,2069,1499,528,4144,24029,8346,0.347,5344,3,3,9,HIGH
18/06/2021,Delta,47,12990,4793,7907,290,64,2500,1897,276,4737,18093,7381,0.408,5481,3,3,9,HIGH
19/06/2021,Delta,48,12906,5642,7016,248,59,2235,1836,765,4895,15343,5018,0.327,6602,3,3,9,HIGH
20/06/2021,Delta,49,13737,6981,6385,371,69,2483,2318,712,5582,21086,8291,0.393,7213,3,3,9,HIGH
21/06/2021,Delta,50,14536,5009,9233,294,71,3025,1612,306,5014,28071,11787,0.42,5839,3,3,9,HIGH
22/06/2021,Delta,51,13668,4958,8375,335,38,3052,450,-319,3221,26497,10898,0.411,2697,3,3,9,HIGH
23/06/2021,Delta,52,15308,7838,7167,303,43,1136,1701,1813,4693,29196,12364,0.423,8448,3,3,9,HIGH
24/06/2021,Delta,53,20574,11018,9201,355,50,2523,3535,1397,7505,31858,14904,0.468,10449,3,3,9,HIGH
25/06/2021,Delta,54,18872,9893,8557,422,70,2570,2922,1372,6934,28287,12832,0.454,9888,3,3,9,HIGH
26/06/2021,Delta,55,21095,13341,7396,358,43,2725,4504,1999,9271,25003,11005,0.44,13398,3,3,9,HIGH
27/06/2021,Delta,56,21342,12909,8024,409,49,3484,4635,1226,9394,26888,12387,0.461,11993,3,3,9,HIGH
28/06/2021,Delta,57,20694,10791,9480,423,79,3438,3788,1043,8348,28413,13307,0.468,10671,3,3,9,HIGH
29/06/2021,Delta,58,20467,10359,9645,463,78,3504,3252,545,7379,30353,14747,0.486,8703,3,3,9,HIGH
30/06/2021,Delta,59,21807,10533,10807,467,60,3504,2325,1791,7680,32813,15502,0.472,11442,3,3,9,HIGH
1/7/2021,Delta,60,24836,14458,9874,504,42,3518,2007,1974,7541,34657,17056,0.492,11615,3,3,9,HIGH
2/7/2021,Delta,61,25830,13713,11578,539,19,5006,3178,1196,9399,33897,17509,0.517,11848,3,3,9,HIGH
3/7/2021,Delta,62,27913,14138,13282,493,30,5683,1927,2062,9702,25548,12378,0.484,13916,3,3,9,HIGH
4/7/2021,Delta,63,27233,13551,13127,555,75,5799,4366,245,10485,35796,16617,0.464,11200,3,3,9,HIGH
5/7/2021,Delta,64,29745,14771,14416,558,127,6607,3566,603,10903,42256,21821,0.516,12490,3,3,9,HIGH
6/7/2021,Delta,65,31189,14598,15863,728,82,5936,2575,846,9439,43425,21270,0.49,11377,3,3,9,HIGH
7/7/2021,Delta,66,34379,18504,14835,1040,181,3707,4196,1282,9366,44550,21969,0.493,12473,3,3,9,HIGH
8/7/2021,Delta,67,38391,16354,21185,852,68,10886,2717,-697,12974,44914,21149,0.471,11784,3,3,9,HIGH
9/7/2021,Delta,68,38124,8278,28975,871,196,14856,878,-2818,13112,39928,18848,0.472,8064,3,3,9,HIGH
10/7/2021,Delta,69,35094,5707,28561,826,51,16926,-1427,-2630,12920,30950,13518,0.437,7813,3,3,9,HIGH
11/7/2021,Delta,70,36197,2575,32615,1007,38,20570,-3561,-3914,13133,40088,17049,0.425,5419,3,3,9,HIGH
12/7/2021,Delta,71,40427,4782,34754,891,67,20475,-1670,-4253,14619,57428,25021,0.436,6314,3,3,9,HIGH
13/07/2021,Delta,72,47899,26912,20123,864,79,4574,5267,2262,12182,53012,23205,0.438,16943,3,3,9,HIGH
14/07/2021,Delta,73,54517,35764,17762,991,62,3070,6723,2812,12667,52529,22927,0.436,18477,3,3,9,HIGH
15/07/2021,Delta,74,56757,36726,19049,982,140,3026,7727,1798,12691,48237,19882,0.412,16707,3,3,9,HIGH
16/07/2021,Delta,75,54000,24716,28079,1205,102,8451,1997,1865,12415,43385,17322,0.399,16451,3,3,9,HIGH
17/07/2021,Delta,76,51952,22957,27903,1092,57,11607,-366,-1130,10168,28653,10795,0.377,8079,3,3,9,HIGH
18/07/2021,Delta,77,44721,14364,29264,1093,201,11841,-1472,-1442,9128,38760,14117,0.364,6847,3,3,9,HIGH
19/07/2021,Delta,78,34257,702,32217,1338,242,12690,-5182,-2750,5000,32228,13185,0.409,226,2,3,6,HIGH
20/07/2021,Delta,79,38325,7254,29791,1280,265,12071,-5499,-624,6213,39828,15712,0.394,5760,3,3,9,HIGH
21/07/2021,Delta,80,33772,-498,32887,1383,82,10558,-3661,-1075,5904,45234,17280,0.382,4000,3,3,9,HIGH
22/07/2021,Delta,81,49509,11690,36370,1449,173,10624,-3141,-598,7058,42040,14930,0.355,6381,3,3,9,HIGH
23/07/2021,Delta,82,49071,8517,38988,1566,156,14440,-6185,-378,8033,36462,12720,0.349,7745,3,3,9,HIGH
24/07/2021,Delta,83,45416,4234,39767,1415,160,14613,-5843,-570,8360,22709,6966,0.307,7700,3,3,9,HIGH
25/07/2021,Delta,84,38679,-227,37640,1266,152,14361,-8012,-1108,5393,30153,9339,0.31,3633,3,3,9,HIGH
26/07/2021,Delta,85,28228,-13633,40374,1487,103,14666,-10663,-1444,2662,40117,12117,0.302,83,1,3,3,MEDIUM
27/07/2021,Delta,86,45203,-3994,47128,2069,170,14583,-11310,124,3567,32405,9349,0.289,4325,3,3,9,HIGH
28/07/2021,Delta,87,47791,2111,43856,1824,82,11035,-4629,-963,5525,30823,8650,0.281,3845,3,3,9,HIGH
29/07/2021,Delta,88,43479,-3908,45494,1893,156,11440,-5656,-2095,3845,29646,7869,0.265,123,1,3,3,MEDIUM
30/07/2021,Delta,89,41168,-5141,44550,1759,108,11158,-5412,-2400,3454,28178,7516,0.267,-1022,1,3,3,MEDIUM
31/07/2021,Delta,90,37284,-3896,39372,1808,183,4948,-1130,-674,3327,17321,3843,0.222,2528,3,2,6,HIGH
1/8/2021,Delta,91,30738,-10312,39446,1604,74,4593,-735,-1231,2701,22649,4823,0.213,461,2,3,6,HIGH
2/8/2021,Delta,92,22404,-11971,32807,1568,154,2161,-197,-708,1410,32026,7052,0.22,456,2,3,6,HIGH
3/8/2021,Delta,93,33900,978,31324,1598,70,2506,-497,-478,1601,26672,5797,0.217,855,2,3,6,HIGH
4/8/2021,Delta,94,35867,-131,34251,1747,81,2453,830,-383,2981,25104,5087,0.203,2458,3,3,9,HIGH
5/8/2021,Delta,95,35764,-5701,39726,1739,115,2770,-77,-497,2311,26383,4870,0.185,1662,3,3,9,HIGH
6/8/2021,Delta,96,39532,-10935,48832,1635,53,3222,-645,-445,2185,24066,4193,0.174,1454,2,3,6,HIGH
7/8/2021,Delta,97,31753,-9551,39716,1588,68,4551,-1856,-755,2008,15585,2503,0.161,702,2,2,4,MEDIUM
8/8/2021,Delta,98,26415,-23591,48508,1498,20,1163,610,-144,1649,21854,3799,0.174,1421,2,3,6,HIGH
9/8/2021,Delta,99,20709,-25725,44959,1475,13,1000,-137,-149,727,27847,4789,0.172,468,2,3,6,HIGH
10/8/2021,Delta,100,32081,-11453,41486,2048,41,1221,65,98,1425,20956,2765,0.132,1744,3,3,9,HIGH
11/8/2021,Delta,101,30625,-10885,39931,1579,42,1334,378,204,1958,22829,3098,0.136,2492,3,3,9,HIGH
12/8/2021,Delta,102,24709,-13394,36637,1466,42,2256,-865,-355,1078,24202,3351,0.138,494,2,3,6,HIGH
13/08/2021,Delta,103,30788,-12647,42003,1432,68,1570,-284,-144,1210,23307,3156,0.135,1126,2,3,6,HIGH
14/08/2021,Delta,104,28598,-4552,31880,1270,29,1219,24,91,1363,14224,1606,0.113,1632,3,2,6,HIGH
15/08/2021,Delta,105,20813,-10770,30361,1222,17,1077,7,81,1182,20685,2186,0.106,1395,2,3,6,HIGH
16/08/2021,Delta,106,17384,-13786,29925,1245,28,936,-465,14,513,19340,2435,0.126,625,2,2,4,MEDIUM
17/08/2021,Delta,107,20741,-12664,32225,1180,24,920,-335,46,655,17925,1924,0.107,819,2,2,4,MEDIUM
18/08/2021,Delta,108,15768,-15154,29794,1128,13,897,51,68,1029,20450,2462,0.12,1204,2,3,6,HIGH
19/08/2021,Delta,109,22053,-8451,29012,1492,34,934,-212,-25,731,18883,2236,0.118,783,2,2,4,MEDIUM
20/08/2021,Delta,110,20004,-7466,26122,1348,11,948,-73,83,969,17607,1654,0.094,1168,2,2,4,MEDIUM
21/08/2021,Delta,111,16744,-7628,23011,1361,20,915,-156,112,891,12792,1086,0.085,1175,2,2,4,MEDIUM
22/08/2021,Delta,112,12408,-12898,24276,1030,21,913,19,-252,701,15483,1374,0.089,260,2,2,4,MEDIUM
23/08/2021,Delta,113,9604,-15996,24758,842,20,731,-107,-159,485,22467,1943,0.086,227,2,3,6,HIGH
24/08/2021,Delta,114,19106,-17014,35082,1038,10,615,-200,59,484,18377,1466,0.08,632,2,1,2,LOW
25/08/2021,Delta,115,18671,-16073,33703,1041,11,729,165,-116,789,20776,1662,0.08,590,2,2,4,MEDIUM
26/08/2021,Delta,116,16899,-14089,30099,889,2,1031,-332,-127,574,17462,1282,0.073,326,2,1,2,LOW
27/08/2021,Delta,117,12618,-7271,19290,599,16,341,381,-100,638,18696,1233,0.066,486,2,1,2,LOW
28/08/2021,Delta,118,10050,-9135,18594,591,10,451,116,-109,468,11784,712,0.06,280,2,1,2,LOW
29/08/2021,Delta,119,7427,-9592,16468,551,10,713,-110,-139,474,18427,1030,0.056,226,2,1,2,LOW
30/08/2021,Delta,120,5436,-14530,19398,568,9,830,-400,-98,341,21743,1107,0.051,172,2,2,4,MEDIUM
31/08/2021,Delta,121,10534,-6779,16781,532,29,529,-117,-42,399,19460,1108,0.057,402,2,1,2,LOW
1/9/2021,Delta,122,10337,-6710,16394,653,12,1096,-491,56,673,19352,1023,0.053,821,2,1,2,LOW
2/9/2021,Delta,123,8955,-12933,21208,680,10,837,-288,-129,430,19476,863,0.044,202,2,1,2,LOW
3/9/2021,Delta,124,7797,-8321,15544,574,10,822,-360,-129,343,18651,773,0.041,115,1,1,1,LOW
4/9/2021,Delta,125,6727,-7618,13806,539,10,485,-34,-101,360,12795,503,0.039,188,2,1,2,LOW
5/9/2021,Delta,126,5403,-5180,10191,392,10,328,13,-48,303,17414,664,0.038,237,2,1,2,LOW
6/9/2021,Delta,127,4413,-9248,13049,612,17,724,-403,-121,217,22563,894,0.04,26,1,2,2,LOW
7/9/2021,Delta,128,7201,-7641,14159,683,13,541,-245,-47,262,19871,703,0.035,207,2,2,4,MEDIUM
8/9/2021,Delta,129,6731,-5807,11912,626,14,670,-195,-61,428,18575,668,0.036,348,2,1,2,LOW
9/9/2021,Delta,130,5990,-4994,10650,334,13,487,-134,-58,308,20438,570,0.028,231,2,2,4,MEDIUM
10/9/2021,Delta,131,5376,-9295,14356,315,12,457,-184,-24,261,21077,622,0.03,249,2,2,4,MEDIUM
11/9/2021,Delta,132,5001,-2855,7586,270,20,389,-105,-36,268,16197,364,0.022,256,2,1,2,LOW
12/9/2021,Delta,133,3779,-5810,9401,188,6,331,-15,-16,306,17350,450,0.026,292,2,1,2,LOW
13/09/2021,Delta,134,2577,-10173,12474,276,6,441,-85,-175,187,23506,628,0.027,-145,1,2,2,LOW
14/09/2021,Delta,135,4128,-7368,11246,250,2,501,-186,-127,190,19147,399,0.021,-58,1,1,1,LOW
15/09/2021,Delta,136,3948,-7365,11046,267,10,374,-45,-34,305,17095,423,0.025,267,2,1,2,LOW
16/09/2021,Delta,137,3145,-11725,14633,237,9,342,-131,-44,176,19859,402,0.02,115,1,2,2,LOW
17/09/2021,Delta,138,3835,-4296,7912,219,5,357,-134,-22,206,19023,335,0.018,177,2,1,2,LOW
18/09/2021,Delta,139,3385,-3876,7076,185,6,244,-24,-26,200,14005,201,0.014,166,2,1,2,LOW
19/09/2021,Delta,140,2234,-4097,6186,145,4,180,-18,-11,155,16223,308,0.019,145,2,1,2,LOW
20/09/2021,Delta,141,1932,-5033,6799,166,3,409,-222,-99,91,21565,476,0.022,-98,1,2,2,LOW
21/09/2021,Delta,142,3263,-3489,6581,171,4,313,-142,-69,106,20488,382,0.019,-20,1,2,2,LOW
22/09/2021,Delta,143,2720,-2785,5356,149,4,287,-43,-21,227,19502,388,0.02,197,2,1,2,LOW
23/09/2021,Delta,144,2881,-1665,4386,160,3,253,-4,-87,165,19473,272,0.014,0,1,1,1,LOW
24/09/2021,Delta,145,2557,-2194,4607,144,4,328,-96,-55,181,19134,326,0.017,83,1,1,1,LOW
25/09/2021,Delta,146,2137,-1732,3746,123,3,199,-28,-41,133,14471,186,0.013,60,1,1,1,LOW
26/09/2021,Delta,147,1760,-1302,2976,86,3,127,22,16,168,15763,271,0.017,209,2,1,2,LOW
27/09/2021,Delta,148,1390,-2499,3771,118,4,261,-107,-55,103,21048,265,0.013,5,1,2,2,LOW
28/09/2021,Delta,149,2057,-1618,3551,124,5,161,-50,-12,104,19489,317,0.016,95,1,1,1,LOW
29/09/2021,Delta,150,1954,-1240,3077,117,4,195,-16,-6,177,20271,285,0.014,177,2,2,4,MEDIUM
30/09/2021,Delta,151,1690,-1271,2848,113,3,205,-35,-24,149,20720,271,0.013,110,1,2,2,LOW
1/10/2021,Delta,152,1624,-1274,2811,87,5,174,-22,-6,151,19128,245,0.013,154,2,1,2,LOW
2/10/2021,Delta,153,1414,-1055,2380,89,5,127,44,-21,155,14574,227,0.016,128,1,1,1,LOW
3/10/2021,Delta,154,1142,-936,2020,58,5,87,18,17,127,18181,180,0.01,176,2,1,2,LOW
4/10/2021,Delta,155,922,-1822,2656,88,0,162,26,-39,149,23718,351,0.015,71,1,2,2,LOW
5/10/2021,Delta,156,1404,-1231,2558,77,4,148,-63,-17,72,21680,254,0.012,50,1,2,2,LOW
6/10/2021,Delta,157,1484,-1442,2851,75,2,175,19,7,203,21329,263,0.012,223,2,2,4,MEDIUM
7/10/2021,Delta,158,1393,-634,1946,81,1,115,36,-3,149,20247,208,0.01,146,2,2,4,MEDIUM
8/10/2021,Delta,159,1384,-2196,3514,66,0,209,-47,-12,150,21640,217,0.01,126,1,2,2,LOW
9/10/2021,Delta,160,1167,-392,1507,52,2,84,23,-9,100,14450,87,0.006,88,1,1,1,LOW
10/10/2021,Delta,161,894,-729,1584,39,4,69,56,11,140,18190,204,0.011,174,2,1,2,LOW
11/10/2021,Delta,162,620,-1889,2444,65,2,298,-207,-52,41,23991,335,0.014,-57,1,2,2,LOW
12/10/2021,Delta,163,1261,-916,2130,47,1,349,-131,-76,143,20074,188,0.009,-6,1,2,2,LOW
13/10/2021,Delta,164,1233,-1074,2259,48,0,204,25,49,278,22365,210,0.009,376,2,2,4,MEDIUM
14/10/2021,Delta,165,1053,-699,1715,37,0,97,6,10,113,25348,225,0.009,133,2,2,4,MEDIUM
15/10/2021,Delta,166,915,-534,1408,41,0,62,52,10,124,22586,229,0.01,144,2,2,4,MEDIUM
16/10/2021,Delta,167,997,-572,1525,44,1,220,-38,-29,154,16191,123,0.008,99,1,1,1,LOW
17/10/2021,Delta,168,747,-358,1086,19,0,127,6,-2,131,16992,171,0.01,127,1,1,1,LOW
18/10/2021,Delta,169,626,-1014,1593,47,1,138,-14,-18,107,24416,185,0.008,74,1,2,2,LOW
19/10/2021,Delta,170,903,-677,1530,50,0,122,-17,1,106,24736,161,0.007,108,1,2,2,LOW
20/10/2021,Delta,171,914,-321,1207,28,0,142,-20,-19,103,22506,123,0.005,65,1,2,2,LOW
21/10/2021,Delta,172,633,-782,1372,43,1,113,-13,-12,89,26647,197,0.007,68,1,2,2,LOW
22/10/2021,Delta,173,760,-504,1231,33,0,121,-39,1,83,26873,205,0.008,85,1,2,2,LOW
23/10/2021,Delta,174,802,-287,1066,23,2,172,-49,-9,116,22284,127,0.006,104,1,2,2,LOW
24/10/2021,Delta,175,623,-443,1037,29,1,129,6,-5,131,21850,98,0.004,124,1,2,2,LOW
25/10/2021,Delta,176,460,-806,1236,30,1,167,-78,-8,82,27576,168,0.006,69,1,2,2,LOW
26/10/2021,Delta,177,611,-565,1141,35,1,173,-114,-23,37,31481,200,0.006,-6,1,2,2,LOW
27/10/2021,Delta,178,719,-254,944,29,1,142,-42,4,105,28270,156,0.006,116,1,2,2,LOW
28/10/2021,Delta,179,723,-295,984,34,1,82,52,-4,131,26660,151,0.006,126,1,2,2,LOW
29/10/2021,Delta,180,683,-26,681,28,0,50,43,3,96,27304,137,0.005,102,1,2,2,LOW
30/10/2021,Delta,181,620,-105,698,27,1,143,-53,5,96,19474,124,0.006,109,1,1,1,LOW
31/10/2021,Delta,182,523,9,497,17,1,79,26,7,113,22540,126,0.006,130,2,2,4,MEDIUM
1/11/2021,Delta,183,403,-399,784,18,0,45,36,2,83,28096,179,0.006,87,1,2,2,LOW
2/11/2021,Delta,184,612,-290,868,34,0,135,-51,-7,77,25542,164,0.006,63,1,2,2,LOW
3/11/2021,Delta,185,801,-37,814,24,1,152,-13,-8,132,21591,163,0.008,119,1,2,2,LOW
4/11/2021,Delta,186,628,-228,837,19,1,50,60,0,111,20434,115,0.006,114,1,2,2,LOW
5/11/2021,Delta,187,518,-149,648,19,1,35,84,-2,118,18886,153,0.008,117,1,1,1,LOW
6/11/2021,Delta,188,401,-236,622,15,1,247,-154,-25,69,11733,52,0.004,22,1,1,1,LOW
7/11/2021,Delta,189,444,-154,587,11,0,123,5,-11,117,16943,118,0.007,95,1,1,1,LOW
8/11/2021,Delta,190,244,-1051,1283,12,0,77,-26,-22,29,20087,115,0.006,-15,1,2,2,LOW
9/11/2021,Delta,191,434,-172,585,21,0,149,-50,-5,94,19736,154,0.008,84,1,2,2,LOW
10/11/2021,Delta,192,480,-65,531,14,0,59,31,5,95,16516,122,0.007,105,1,1,1,LOW
11/11/2021,Delta,193,435,-51,470,16,1,44,52,10,107,17092,88,0.005,130,2,1,2,LOW
12/11/2021,Delta,194,399,-181,560,20,0,174,-82,-21,71,19402,126,0.006,29,1,1,1,LOW
13/11/2021,Delta,195,359,-108,451,16,0,108,-44,-10,54,11752,50,0.004,34,1,1,1,LOW
14/11/2021,Delta,196,339,-179,503,15,1,108,-20,3,92,13361,60,0.004,101,1,1,1,LOW
15/11/2021,Delta,197,221,-496,706,11,1,77,-37,-5,36,17761,142,0.008,29,1,1,1,LOW
16/11/2021,Delta,198,347,-183,515,15,0,106,-30,3,79,19361,109,0.006,85,1,1,1,LOW
17/11/2021,Delta,199,522,51,458,13,1,161,-50,18,130,18539,119,0.006,169,2,1,2,LOW
18/11/2021,Delta,200,400,-75,464,11,1,136,-53,16,100,16985,116,0.007,135,2,1,2,LOW
19/11/2021,Delta,201,360,-161,516,5,2,104,4,-13,97,17138,121,0.007,77,1,1,1,LOW
20/11/2021,Delta,202,393,0,379,14,1,154,-51,10,114,12565,46,0.004,137,2,1,2,LOW
21/11/2021,Delta,203,314,-28,331,11,0,121,-1,-9,111,15336,98,0.006,93,1,1,1,LOW
22/11/2021,Delta,204,186,-161,342,5,0,62,-18,-18,26,19011,109,0.006,-10,1,1,1,LOW
23/11/2021,Delta,205,394,-49,434,9,0,43,25,1,69,17077,91,0.005,71,1,1,1,LOW
24/11/2021,Delta,206,451,61,377,13,1,105,-9,-15,82,16454,82,0.005,55,1,1,1,LOW
25/11/2021,Delta,207,372,63,293,16,1,42,-20,31,54,16267,76,0.005,119,1,1,1,LOW
26/11/2021,Delta,208,453,53,386,14,0,55,18,-3,70,13940,60,0.004,64,1,1,1,LOW
27/11/2021,Omicron,1,404,133,260,11,0,86,-40,8,54,13278,62,0.005,70,1,1,1,LOW
28/11/2021,Omicron,2,264,-12,275,1,0,52,20,-21,51,15141,117,0.008,9,1,1,1,LOW
29/11/2021,Omicron,3,176,-254,419,11,0,71,-17,-13,41,19071,124,0.007,15,1,1,1,LOW
30/11/2021,Omicron,4,297,-38,324,11,0,27,9,8,44,16684,42,0.003,60,1,1,1,LOW
1/12/2021,Omicron,5,278,-39,307,10,0,50,18,2,70,16879,85,0.005,74,1,1,1,LOW
2/12/2021,Omicron,6,311,-87,388,10,0,67,-34,-5,28,15523,60,0.004,18,1,1,1,LOW
3/12/2021,Omicron,7,245,-91,328,8,1,68,-19,-8,42,16150,61,0.004,29,1,1,1,LOW
4/12/2021,Omicron,8,246,-73,314,5,1,61,-20,6,48,9858,24,0.002,63,1,1,1,LOW
5/12/2021,Omicron,9,196,-106,298,4,1,53,1,-12,43,12269,52,0.004,22,1,1,1,LOW
6/12/2021,Omicron,10,130,-1884,2005,9,2,53,-29,-12,14,19176,71,0.004,-4,1,1,1,LOW
7/12/2021,Omicron,11,261,-176,420,17,1,38,-10,2,31,16696,69,0.004,38,1,1,1,LOW
8/12/2021,Omicron,12,264,-103,351,16,1,45,-1,-4,41,14803,44,0.003,36,1,1,1,LOW
9/12/2021,Omicron,13,220,-85,296,9,0,75,-17,-22,36,17009,55,0.003,-8,1,1,1,LOW
10/12/2021,Omicron,14,192,-124,311,5,0,36,-9,-1,26,15121,50,0.003,24,1,1,1,LOW
11/12/2021,Omicron,15,228,32,190,6,0,42,-12,2,32,12553,30,0.002,36,1,1,1,LOW
12/12/2021,Omicron,16,163,-28,184,7,0,40,-4,-4,32,11630,39,0.003,24,1,1,1,LOW
13/12/2021,Omicron,17,106,-184,278,12,0,38,-17,-5,16,15458,33,0.002,6,1,1,1,LOW
14/12/2021,Omicron,18,190,-69,247,12,0,26,-8,2,20,17664,52,0.003,24,1,1,1,LOW
15/12/2021,Omicron,19,205,-41,237,9,0,28,1,-6,23,19421,58,0.003,11,1,1,1,LOW
16/12/2021,Omicron,20,213,-31,234,10,0,36,4,0,40,17477,76,0.004,40,1,1,1,LOW
17/12/2021,Omicron,21,291,79,205,7,0,34,10,-6,38,16293,98,0.006,26,1,1,1,LOW
18/12/2021,Omicron,22,232,6,214,12,0,32,18,24,74,13986,60,0.004,122,1,1,1,LOW
19/12/2021,Omicron,23,164,5,155,4,0,46,4,-7,43,16073,64,0.004,29,1,1,1,LOW
20/12/2021,Omicron,24,133,-94,216,11,1,20,10,7,38,16363,59,0.004,55,1,1,1,LOW
21/12/2021,Omicron,25,216,0,205,11,0,20,10,25,55,15873,26,0.002,105,1,1,1,LOW
22/12/2021,Omicron,26,179,-83,252,10,0,21,16,6,43,15336,100,0.007,55,1,1,1,LOW
23/12/2021,Omicron,27,136,-104,232,8,0,52,-19,-17,16,15339,151,0.01,-18,1,1,1,LOW
24/12/2021,Omicron,28,204,17,182,5,0,29,11,29,69,11524,68,0.006,127,1,1,1,LOW
25/12/2021,Omicron,29,255,54,195,6,0,45,2,33,80,10523,46,0.004,146,2,1,2,LOW
26/12/2021,Omicron,30,92,-58,148,2,0,24,6,17,47,12344,103,0.008,81,1,1,1,LOW
27/12/2021,Omicron,31,120,-159,271,8,0,88,-5,-41,42,15892,133,0.008,-40,1,1,1,LOW
28/12/2021,Omicron,32,278,118,152,8,1,42,65,-12,96,12344,82,0.007,75,1,1,1,LOW
29/12/2021,Omicron,33,194,-86,270,10,2,29,2,-6,27,12898,90,0.007,21,1,1,1,LOW
30/12/2021,Omicron,34,189,-217,399,7,0,34,13,6,53,13764,118,0.009,65,1,1,1,LOW
31/12/2021,Omicron,35,180,-19,193,6,1,21,44,21,87,10394,119,0.011,132,2,1,2,LOW
1/1/2022,Omicron,36,274,107,165,2,0,58,47,13,118,10023,177,0.018,144,2,1,2,LOW
2/1/2022,Omicron,37,174,-17,190,1,0,106,86,-89,103,12021,133,0.011,-75,1,1,1,LOW
3/1/2022,Omicron,38,265,148,112,5,0,22,126,24,172,14766,308,0.021,220,2,1,2,LOW
4/1/2022,Omicron,39,299,128,168,3,0,41,73,1,115,13093,269,0.021,117,1,1,1,LOW
5/1/2022,Omicron,40,404,220,180,4,1,71,160,27,259,14258,592,0.042,316,2,1,2,LOW
6/1/2022,Omicron,41,533,317,209,7,0,52,169,46,267,12971,258,0.02,359,2,1,2,LOW
7/1/2022,Omicron,42,518,299,214,5,0,76,217,7,300,15641,398,0.025,314,2,1,2,LOW
8/1/2022,Omicron,43,479,298,175,6,0,79,163,36,278,11523,365,0.032,350,2,1,2,LOW
9/1/2022,Omicron,44,529,316,211,2,0,112,239,42,393,13512,549,0.041,477,2,1,2,LOW
10/1/2022,Omicron,45,454,203,244,7,0,105,232,23,360,14251,460,0.032,406,2,1,2,LOW
11/1/2022,Omicron,46,802,348,446,8,1,182,274,80,537,14396,483,0.034,700,2,1,2,LOW
12/1/2022,Omicron,47,646,326,314,6,0,143,165,104,412,18327,570,0.031,620,2,1,2,LOW
13/01/2022,Omicron,48,793,403,385,5,0,294,107,77,478,18137,763,0.042,632,2,1,2,LOW
14/01/2022,Omicron,49,850,489,353,8,1,164,303,86,554,18111,571,0.032,729,2,1,2,LOW
15/01/2022,Omicron,50,1054,586,464,4,0,276,355,89,720,13701,572,0.042,898,2,1,2,LOW
16/01/2022,Omicron,51,855,142,710,3,0,519,34,13,566,14322,1205,0.084,592,2,2,4,MEDIUM
17/01/2022,Omicron,52,772,170,598,4,0,465,-10,38,493,17425,1070,0.061,569,2,1,2,LOW
18/01/2022,Omicron,53,1362,789,564,9,0,217,281,172,670,19758,1350,0.068,1014,2,2,4,MEDIUM
19/01/2022,Omicron,54,1745,1232,504,9,0,385,483,144,1012,22085,1692,0.077,1300,2,2,4,MEDIUM
20/01/2022,Omicron,55,2116,1532,577,7,0,437,621,97,1155,23282,2146,0.092,1349,2,3,6,HIGH
21/01/2022,Omicron,56,2604,1791,811,2,0,650,611,223,1484,19722,2022,0.103,1930,3,2,6,HIGH
22/01/2022,Omicron,57,3205,2573,627,5,0,461,1099,265,1825,18868,2176,0.115,2355,3,2,6,HIGH
23/01/2022,Omicron,58,2925,2199,712,14,6,516,916,301,1739,20562,3130,0.152,2359,3,3,9,HIGH
24/01/2022,Omicron,59,2927,1976,944,7,0,562,1200,231,1993,29458,5087,0.173,2455,3,3,9,HIGH
25/01/2022,Omicron,60,4878,3989,869,20,9,473,1229,479,2190,32494,6086,0.187,3175,3,3,9,HIGH
26/01/2022,Omicron,61,7010,4421,2582,7,6,1617,1375,511,3509,33463,6184,0.185,4549,3,3,9,HIGH
27/01/2022,Omicron,62,8077,6427,1643,7,3,1898,1491,757,4149,37215,7953,0.214,5672,3,3,9,HIGH
28/01/2022,Omicron,63,9905,7870,2028,7,2,1467,2369,720,4558,39387,7905,0.201,6004,3,3,9,HIGH
29/01/2022,Omicron,64,11588,8981,2590,17,10,1777,3142,836,5765,31546,6820,0.216,7467,3,3,9,HIGH
30/01/2022,Omicron,65,12422,9163,3241,18,12,2030,3777,803,6622,38369,9821,0.256,8264,3,3,9,HIGH
31/01/2022,Omicron,66,10185,6878,3290,17,27,1042,3732,461,5262,45516,12196,0.268,6265,3,3,9,HIGH
1/2/2022,Omicron,67,16021,12753,3240,28,12,1665,3502,1209,6388,58272,17336,0.298,8842,3,3,9,HIGH
2/2/2022,Omicron,68,17895,12760,5110,25,11,4028,4521,572,9132,67648,21881,0.323,10309,3,3,9,HIGH
3/2/2022,Omicron,69,27197,21166,5993,38,24,4367,4864,1062,10317,70587,22158,0.314,12513,3,3,9,HIGH
4/2/2022,Omicron,70,32211,24979,7190,42,25,5798,5474,1882,13179,73666,28220,0.383,17018,3,3,9,HIGH
5/2/2022,Omicron,71,33729,23214,10471,44,29,8194,2887,1664,12774,62788,21938,0.349,16189,3,3,9,HIGH
6/2/2022,Omicron,72,36057,25431,10569,57,27,8386,5985,1427,15825,57810,20132,0.348,18760,3,3,9,HIGH
7/2/2022,Omicron,73,26121,17462,8577,82,38,5328,6429,887,12682,69953,27874,0.398,14570,3,3,9,HIGH
8/2/2022,Omicron,74,37492,26701,10708,83,40,5150,3918,1709,10817,53535,20373,0.381,14355,3,3,9,HIGH
9/2/2022,Omicron,75,46843,32762,14016,65,17,13217,190,929,14353,86663,33810,0.39,16262,3,3,9,HIGH
10/2/2022,Omicron,76,40618,22362,18182,74,22,5448,4325,1295,11090,62604,25131,0.401,13746,3,3,9,HIGH
11/2/2022,Omicron,77,40489,24622,15767,100,39,15979,-5791,480,10707,77427,30508,0.394,11784,3,3,9,HIGH
12/2/2022,Omicron,78,55209,22532,32570,107,39,15545,-2440,-727,12417,59921,22800,0.381,11080,3,3,9,HIGH
13/02/2022,Omicron,79,44526,17499,26916,111,43,15050,-4623,-298,10172,58236,22109,0.38,9705,3,3,9,HIGH
14/02/2022,Omicron,80,36501,23018,13338,145,53,96,8153,1973,10275,74938,29060,0.388,14380,3,3,9,HIGH
15/02/2022,Omicron,81,57049,30168,26747,134,50,9091,466,-125,9482,81880,31866,0.389,9382,3,3,9,HIGH
16/02/2022,Omicron,82,64718,39165,25386,167,56,7352,4011,969,12388,77504,28622,0.369,14494,3,3,9,HIGH
17/02/2022,Omicron,83,63956,24678,39072,206,64,16657,-6600,-1585,8536,65665,21918,0.334,5558,3,3,9,HIGH
18/02/2022,Omicron,84,59635,26515,32904,216,46,11694,8017,-1156,8189,61848,19011,0.307,6015,3,3,9,HIGH
19/02/2022,Omicron,85,59384,24527,34699,158,25,11175,-1185,-562,9453,50722,13463,0.265,8404,3,3,9,HIGH
20/02/2022,Omicron,86,48484,15448,32873,163,32,11979,-3806,-69,8136,51431,14580,0.283,8094,3,3,9,HIGH
21/02/2022,Omicron,87,34418,-5687,39929,176,24,11866,-5701,-831,5358,65301,19341,0.296,3768,3,3,9,HIGH
22/02/2022,Omicron,88,57491,18760,38474,257,33,8688,-3465,-48,5208,52020,15598,0.3,5211,3,3,9,HIGH
